id,model,tone_score,tone_score_std,model_confidence_mean,chunks_scored
1,distilbert-base-uncased-finetuned-sst-2-english,0.7742034196853638,0.2232723832130432,0.7742034196853638,2
2,distilbert-base-uncased-finetuned-sst-2-english,-0.9901011884212494,0.0009419023990631104,0.9901011884212494,2
3,distilbert-base-uncased-finetuned-sst-2-english,-0.9883457303047181,0.011569433303768759,0.9883457303047181,5
4,distilbert-base-uncased-finetuned-sst-2-english,-0.9819042682647705,0.01797716282240796,0.9819042682647705,6
5,distilbert-base-uncased-finetuned-sst-2-english,0.26975444952646893,0.8995806530755025,0.9348440567652384,3
6,distilbert-base-uncased-finetuned-sst-2-english,-0.5112324804067612,0.8246903383536209,0.9697947055101395,4
7,distilbert-base-uncased-finetuned-sst-2-english,-0.99355149269104,8.249282836914062e-05,0.99355149269104,2
8,distilbert-base-uncased-finetuned-sst-2-english,-0.9965996146202087,0.0,0.9965996146202087,1
9,distilbert-base-uncased-finetuned-sst-2-english,-0.967858761548996,0.028083771467208862,0.967858761548996,2
10,distilbert-base-uncased-finetuned-sst-2-english,-0.9784427881240845,0.0156325101852417,0.9784427881240845,2
11,distilbert-base-uncased-finetuned-sst-2-english,-0.9855183561642965,0.011748353204949023,0.9855183561642965,3
12,distilbert-base-uncased-finetuned-sst-2-english,-0.9775674045085907,0.017635256052017212,0.9775674045085907,2
13,distilbert-base-uncased-finetuned-sst-2-english,-0.9862187504768372,0.0,0.9862187504768372,1
14,distilbert-base-uncased-finetuned-sst-2-english,0.8994166652361552,0.09686677105914675,0.8994166652361552,3
15,distilbert-base-uncased-finetuned-sst-2-english,0.17164120078086853,0.8252196609973907,0.8252196609973907,2
16,distilbert-base-uncased-finetuned-sst-2-english,-0.34547410408655804,0.9148260287366488,0.9776642521222433,3
17,distilbert-base-uncased-finetuned-sst-2-english,-0.09115663170814514,0.9055361449718475,0.9055361449718475,2
18,distilbert-base-uncased-finetuned-sst-2-english,-0.8856852451960245,0.14847921700472094,0.8856852451960245,3
19,distilbert-base-uncased-finetuned-sst-2-english,-0.9792992472648621,0.01501774787902832,0.9792992472648621,2
20,distilbert-base-uncased-finetuned-sst-2-english,-0.35006362199783325,0.8888182997645243,0.9546123544375101,3
21,distilbert-base-uncased-finetuned-sst-2-english,-0.9931507110595703,0.002770786570199459,0.9931507110595703,3
22,distilbert-base-uncased-finetuned-sst-2-english,0.3789344549179077,0.7488415741221871,0.8094566345214844,5
23,distilbert-base-uncased-finetuned-sst-2-english,-0.9790721535682678,0.0,0.9790721535682678,1
24,distilbert-base-uncased-finetuned-sst-2-english,0.5698317587375641,0.6947112032869605,0.884178231159846,6
25,distilbert-base-uncased-finetuned-sst-2-english,-0.802407443523407,0.0,0.802407443523407,1
26,distilbert-base-uncased-finetuned-sst-2-english,-0.36506299177805585,0.8932062900679374,0.9638102451960245,3
27,distilbert-base-uncased-finetuned-sst-2-english,-0.9230959812800089,0.07310124420675186,0.9230959812800089,3
28,distilbert-base-uncased-finetuned-sst-2-english,-0.9905911485354105,0.006725147138131884,0.9905911485354105,3
29,distilbert-base-uncased-finetuned-sst-2-english,0.24200332164764404,0.8766149569154916,0.9051913420359293,3
30,distilbert-base-uncased-finetuned-sst-2-english,-0.6608080565929413,0.6989891599673377,0.9613257547219595,6
31,distilbert-base-uncased-finetuned-sst-2-english,-0.9985275864601135,0.0004687309265136719,0.9985275864601135,2
32,distilbert-base-uncased-finetuned-sst-2-english,-0.843098521232605,0.19549455357976617,0.843098521232605,3
33,distilbert-base-uncased-finetuned-sst-2-english,-0.9971570173899332,0.0013649875677105392,0.9971570173899332,3
34,distilbert-base-uncased-finetuned-sst-2-english,-0.9954378604888916,0.0018343329429626465,0.9954378604888916,2
35,distilbert-base-uncased-finetuned-sst-2-english,0.18637993931770325,0.7687217891216278,0.7687217891216278,2
36,distilbert-base-uncased-finetuned-sst-2-english,-0.9972470800081888,0.0018650571276685175,0.9972470800081888,3
37,distilbert-base-uncased-finetuned-sst-2-english,-0.004975646734237671,0.9922838509082794,0.9922838509082794,2
38,distilbert-base-uncased-finetuned-sst-2-english,-0.33802006642023724,0.875916124100782,0.9384560386339823,3
39,distilbert-base-uncased-finetuned-sst-2-english,-0.9902304708957672,0.000425487756729126,0.9902304708957672,2
40,distilbert-base-uncased-finetuned-sst-2-english,-0.9970397353172302,0.0015624241652190695,0.9970397353172302,3
41,distilbert-base-uncased-finetuned-sst-2-english,-0.8370424807071686,0.12628868222236633,0.8370424807071686,2
42,distilbert-base-uncased-finetuned-sst-2-english,-0.5069750100374222,0.8307308528664598,0.9728851765394211,4
43,distilbert-base-uncased-finetuned-sst-2-english,-0.49712643027305603,0.8580584855914511,0.9916633367538452,4
44,distilbert-base-uncased-finetuned-sst-2-english,-0.9751836955547333,0.03178535971521398,0.9751836955547333,4
45,distilbert-base-uncased-finetuned-sst-2-english,-0.9643321633338928,0.03089262724101375,0.9643321633338928,3
46,distilbert-base-uncased-finetuned-sst-2-english,-0.3311201532681783,0.925436489890084,0.9828786651293436,3
47,distilbert-base-uncased-finetuned-sst-2-english,-0.9498594999313354,0.045809268951416016,0.9498594999313354,2
48,distilbert-base-uncased-finetuned-sst-2-english,-0.9959890723228455,0.002101278567118276,0.9959890723228455,5
49,distilbert-base-uncased-finetuned-sst-2-english,-0.9893578489621481,0.009411368176602077,0.9893578489621481,3
50,distilbert-base-uncased-finetuned-sst-2-english,-0.7916366457939148,0.02538222074508667,0.7916366457939148,2
51,distilbert-base-uncased-finetuned-sst-2-english,-0.9927002787590027,0.0029578804969787598,0.9927002787590027,2
52,distilbert-base-uncased-finetuned-sst-2-english,-0.8400871157646179,0.1519870162010193,0.8400871157646179,2
53,distilbert-base-uncased-finetuned-sst-2-english,-0.33805622657140094,0.9212744538787072,0.9812643726666769,3
54,distilbert-base-uncased-finetuned-sst-2-english,-0.9803580343723297,0.009484440088272095,0.9803580343723297,2
55,distilbert-base-uncased-finetuned-sst-2-english,-0.3376196225484212,0.9198585552857329,0.9797722895940145,3
56,distilbert-base-uncased-finetuned-sst-2-english,-0.0209406316280365,0.9218295514583588,0.9218295514583588,2
57,distilbert-base-uncased-finetuned-sst-2-english,-0.9969691038131714,0.0016047954559326172,0.9969691038131714,2
58,distilbert-base-uncased-finetuned-sst-2-english,0.2726099093755086,0.897999891529367,0.9354782501856486,3
59,distilbert-base-uncased-finetuned-sst-2-english,-0.9964085519313812,0.00013658404350280762,0.9964085519313812,2
60,distilbert-base-uncased-finetuned-sst-2-english,-0.5112049728631973,0.8391347679714193,0.9823112636804581,4
61,distilbert-base-uncased-finetuned-sst-2-english,0.23114784558614096,0.8611649308959003,0.8811147212982178,3
62,distilbert-base-uncased-finetuned-sst-2-english,-0.9916103482246399,0.0033656954765319824,0.9916103482246399,2
63,distilbert-base-uncased-finetuned-sst-2-english,-0.9952650268872579,0.002687367712280569,0.9952650268872579,3
64,distilbert-base-uncased-finetuned-sst-2-english,0.8770800232887268,0.09508442878723145,0.8770800232887268,2
65,distilbert-base-uncased-finetuned-sst-2-english,-0.9862448771794637,0.008586912370546089,0.9862448771794637,6
66,distilbert-base-uncased-finetuned-sst-2-english,-0.9534499247868856,0.09624351320222015,0.9534499247868856,6
67,distilbert-base-uncased-finetuned-sst-2-english,-0.9906319379806519,0.004532933235168457,0.9906319379806519,2
68,distilbert-base-uncased-finetuned-sst-2-english,-0.9987895786762238,8.252263069152832e-05,0.9987895786762238,2
69,distilbert-base-uncased-finetuned-sst-2-english,-0.5509604662656784,0.7744819383184747,0.9462007433176041,4
70,distilbert-base-uncased-finetuned-sst-2-english,-0.9985460042953491,0.0,0.9985460042953491,1
71,distilbert-base-uncased-finetuned-sst-2-english,-0.9973975817362467,4.047567451603129e-05,0.9973975817362467,3
72,distilbert-base-uncased-finetuned-sst-2-english,-0.9944042563438416,0.0012720823287963867,0.9944042563438416,2
73,distilbert-base-uncased-finetuned-sst-2-english,-0.9846033602952957,0.013926925788167567,0.9846033602952957,4
74,distilbert-base-uncased-finetuned-sst-2-english,-0.365692396958669,0.8894039058624731,0.9604268670082092,3
75,distilbert-base-uncased-finetuned-sst-2-english,-0.01613713304201762,0.8985317174335916,0.8896686335404714,6
76,distilbert-base-uncased-finetuned-sst-2-english,-0.0018011629581451416,0.9947091639041901,0.9947091639041901,2
77,distilbert-base-uncased-finetuned-sst-2-english,-0.9979631304740906,4.696846008300781e-05,0.9979631304740906,2
78,distilbert-base-uncased-finetuned-sst-2-english,-0.9909993886947632,0.004327468488787241,0.9909993886947632,5
79,distilbert-base-uncased-finetuned-sst-2-english,-0.9974521994590759,0.0,0.9974521994590759,1
80,distilbert-base-uncased-finetuned-sst-2-english,-0.9942532777786255,0.006705653572921482,0.9942532777786255,3
81,distilbert-base-uncased-finetuned-sst-2-english,-0.9902048110961914,0.0,0.9902048110961914,1
82,distilbert-base-uncased-finetuned-sst-2-english,-0.9522048830986023,0.03731727600097656,0.9522048830986023,2
83,distilbert-base-uncased-finetuned-sst-2-english,-0.9920758803685507,0.004866400513373676,0.9920758803685507,3
84,distilbert-base-uncased-finetuned-sst-2-english,-0.9831059575080872,0.0,0.9831059575080872,1
85,distilbert-base-uncased-finetuned-sst-2-english,-0.022109180688858032,0.976617842912674,0.976617842912674,2
86,distilbert-base-uncased-finetuned-sst-2-english,-0.9952524900436401,0.003064870834350586,0.9952524900436401,2
87,distilbert-base-uncased-finetuned-sst-2-english,-0.998184323310852,0.0010306835174560547,0.998184323310852,2
88,distilbert-base-uncased-finetuned-sst-2-english,0.41634265581766766,0.8049724927803165,0.897714893023173,3
89,distilbert-base-uncased-finetuned-sst-2-english,-0.9854938387870789,0.01083838939666748,0.9854938387870789,2
90,distilbert-base-uncased-finetuned-sst-2-english,-0.9635663032531738,0.024194717407226562,0.9635663032531738,2
91,distilbert-base-uncased-finetuned-sst-2-english,-0.9918650686740875,0.0052655041217803955,0.9918650686740875,2
92,distilbert-base-uncased-finetuned-sst-2-english,-0.8139232695102692,0.17536845803260803,0.8139232695102692,2
93,distilbert-base-uncased-finetuned-sst-2-english,-0.9942092895507812,0.00027364492416381836,0.9942092895507812,2
94,distilbert-base-uncased-finetuned-sst-2-english,0.09070138136545818,0.7527862265336492,0.7397778034210205,3
95,distilbert-base-uncased-finetuned-sst-2-english,-0.9952246248722076,0.002003103494644165,0.9952246248722076,2
96,distilbert-base-uncased-finetuned-sst-2-english,-0.9944960276285807,0.004243418046178202,0.9944960276285807,3
97,distilbert-base-uncased-finetuned-sst-2-english,-0.9696802198886871,0.021966248750686646,0.9696802198886871,2
98,distilbert-base-uncased-finetuned-sst-2-english,-0.005579203367233276,0.9818419516086578,0.9818419516086578,2
99,distilbert-base-uncased-finetuned-sst-2-english,-0.9560041228930155,0.028332955155288147,0.9560041228930155,3
100,distilbert-base-uncased-finetuned-sst-2-english,-0.3585253953933716,0.8968911376339067,0.9651004870732626,3
101,distilbert-base-uncased-finetuned-sst-2-english,0.004506826400756836,0.9832181334495544,0.9832181334495544,2
103,distilbert-base-uncased-finetuned-sst-2-english,0.24248731136322021,0.8768700790210826,0.9031639893849691,3
106,distilbert-base-uncased-finetuned-sst-2-english,-0.30681583285331726,0.7633220563611813,0.8008244335651398,4
109,distilbert-base-uncased-finetuned-sst-2-english,-0.40793807804584503,0.8175129267505777,0.9000528007745743,4
112,distilbert-base-uncased-finetuned-sst-2-english,0.4127243161201477,0.7893648023655508,0.8817657430966696,3
115,distilbert-base-uncased-finetuned-sst-2-english,0.9704380432764689,0.025444899079506478,0.9704380432764689,3
118,distilbert-base-uncased-finetuned-sst-2-english,0.9703673720359802,0.04980987067671061,0.9703673720359802,5
123,distilbert-base-uncased-finetuned-sst-2-english,0.015180657307306925,0.8945327172963397,0.8861694037914276,6
126,distilbert-base-uncased-finetuned-sst-2-english,0.6678959727287292,0.6504275810240946,0.9210389494895935,5
129,distilbert-base-uncased-finetuned-sst-2-english,0.38863620162010193,0.8148466022801862,0.8816709816455841,4
132,distilbert-base-uncased-finetuned-sst-2-english,0.32713677485783893,0.9269744972283492,0.9829756220181783,3
137,distilbert-base-uncased-finetuned-sst-2-english,-0.9325975924730301,0.09501876092053953,0.9325975924730301,4
140,distilbert-base-uncased-finetuned-sst-2-english,0.993969202041626,0.005047291610082548,0.993969202041626,3
143,distilbert-base-uncased-finetuned-sst-2-english,-0.4930385798215866,0.8572421766671422,0.988830491900444,4
146,distilbert-base-uncased-finetuned-sst-2-english,0.33917538821697235,0.7664331669190279,0.8237092643976212,4
149,distilbert-base-uncased-finetuned-sst-2-english,-0.4955262392759323,0.8260008043510029,0.963040754199028,4
152,distilbert-base-uncased-finetuned-sst-2-english,0.9837331374486288,0.008303576437168243,0.9837331374486288,3
157,distilbert-base-uncased-finetuned-sst-2-english,-0.9723731875419617,0.025440343694613756,0.9723731875419617,3
160,distilbert-base-uncased-finetuned-sst-2-english,-0.9846151471138,0.010995766103069666,0.9846151471138,5
163,distilbert-base-uncased-finetuned-sst-2-english,0.01879546046257019,0.9579209387302399,0.9579209387302399,2
168,distilbert-base-uncased-finetuned-sst-2-english,-0.9965504288673401,0.001587103008273811,0.9965504288673401,5
171,distilbert-base-uncased-finetuned-sst-2-english,-0.9799865186214447,0.03193250254023231,0.9799865186214447,6
174,distilbert-base-uncased-finetuned-sst-2-english,-0.9827301104863485,0.01584112557980594,0.9827301104863485,3
177,distilbert-base-uncased-finetuned-sst-2-english,-0.1771478851636251,0.8407237167229724,0.8303286830584208,3
180,distilbert-base-uncased-finetuned-sst-2-english,-0.6934652924537659,0.17888557968260385,0.6934652924537659,3
183,distilbert-base-uncased-finetuned-sst-2-english,0.3655100464820862,0.807381022737408,0.8631292581558228,4
186,distilbert-base-uncased-finetuned-sst-2-english,0.4550055503845215,0.7054343247067807,0.8189140319824219,5
191,distilbert-base-uncased-finetuned-sst-2-english,-0.9731437762578329,0.018604579038053733,0.9731437762578329,3
194,distilbert-base-uncased-finetuned-sst-2-english,-0.9904438058535258,0.002622623116764585,0.9904438058535258,3
197,distilbert-base-uncased-finetuned-sst-2-english,0.9364044964313507,0.0020950138568878174,0.9364044964313507,2
200,distilbert-base-uncased-finetuned-sst-2-english,-0.9854426185290018,0.008809315939963046,0.9854426185290018,3
203,distilbert-base-uncased-finetuned-sst-2-english,0.1954862356185913,0.9494400942166145,0.9690442562103272,5
206,distilbert-base-uncased-finetuned-sst-2-english,-0.9961917400360107,0.0020704966346471007,0.9961917400360107,3
211,distilbert-base-uncased-finetuned-sst-2-english,-0.7492243945598602,0.1227060854434967,0.7492243945598602,2
214,distilbert-base-uncased-finetuned-sst-2-english,-0.9702669382095337,0.027833998203277588,0.9702669382095337,2
217,distilbert-base-uncased-finetuned-sst-2-english,-0.2700214385986328,0.7986687389752852,0.8376253843307495,3
220,distilbert-base-uncased-finetuned-sst-2-english,-0.24375218152999878,0.8798896087073914,0.904209832350413,3
223,distilbert-base-uncased-finetuned-sst-2-english,-0.9868431091308594,0.01254715275855225,0.9868431091308594,3
228,distilbert-base-uncased-finetuned-sst-2-english,-0.3318750460942586,0.9394140625858086,0.9963117837905884,3
231,distilbert-base-uncased-finetuned-sst-2-english,-0.15588511526584625,0.796185724433798,0.7912689000368118,4
234,distilbert-base-uncased-finetuned-sst-2-english,-0.9950157284736634,0.0032038066119077172,0.9950157284736634,5
237,distilbert-base-uncased-finetuned-sst-2-english,-0.3336326479911804,0.9388073907711606,0.9963259100914001,3
240,distilbert-base-uncased-finetuned-sst-2-english,-0.9882364571094513,0.02119569740334113,0.9882364571094513,6
243,distilbert-base-uncased-finetuned-sst-2-english,-0.08202658593654633,0.8818244110584792,0.8710456043481827,4
248,distilbert-base-uncased-finetuned-sst-2-english,-0.9218977689743042,0.09093100355689857,0.9218977689743042,3
464,distilbert-base-uncased-finetuned-sst-2-english,0.01697888970375061,0.971757560968399,0.971757560968399,2
465,distilbert-base-uncased-finetuned-sst-2-english,0.9970409274101257,0.0,0.9970409274101257,1
466,distilbert-base-uncased-finetuned-sst-2-english,0.016064852476119995,0.9827972948551178,0.9827972948551178,2
467,distilbert-base-uncased-finetuned-sst-2-english,0.995081216096878,0.0023820102214813232,0.995081216096878,2
468,distilbert-base-uncased-finetuned-sst-2-english,-0.5680645704269409,0.0,0.5680645704269409,1
469,distilbert-base-uncased-finetuned-sst-2-english,0.8279966711997986,0.16943907737731934,0.8279966711997986,2
470,distilbert-base-uncased-finetuned-sst-2-english,0.14097359776496887,0.8570354282855988,0.8570354282855988,2
471,distilbert-base-uncased-finetuned-sst-2-english,0.9974383115768433,0.0014711618423461914,0.9974383115768433,2
472,distilbert-base-uncased-finetuned-sst-2-english,-0.9262210130691528,0.07055240869522095,0.9262210130691528,2
473,distilbert-base-uncased-finetuned-sst-2-english,0.9960519671440125,0.002472274699603411,0.9960519671440125,3
474,distilbert-base-uncased-finetuned-sst-2-english,-0.12096226215362549,0.8591695427894592,0.8591695427894592,2
475,distilbert-base-uncased-finetuned-sst-2-english,0.9965839684009552,0.0029957592487335205,0.9965839684009552,2
476,distilbert-base-uncased-finetuned-sst-2-english,0.9954335391521454,0.002010732889175415,0.9954335391521454,2
477,distilbert-base-uncased-finetuned-sst-2-english,0.8447690010070801,0.1469709873199463,0.8447690010070801,2
478,distilbert-base-uncased-finetuned-sst-2-english,-0.03807154297828674,0.9593661725521088,0.9593661725521088,2
479,distilbert-base-uncased-finetuned-sst-2-english,0.9972701668739319,0.0011619329452514648,0.9972701668739319,2
480,distilbert-base-uncased-finetuned-sst-2-english,-0.17313802242279053,0.7446926832199097,0.7446926832199097,2
481,distilbert-base-uncased-finetuned-sst-2-english,-0.9979639649391174,0.0009452700614929199,0.9979639649391174,2
482,distilbert-base-uncased-finetuned-sst-2-english,-0.22816109657287598,0.7299088835716248,0.7299088835716248,2
483,distilbert-base-uncased-finetuned-sst-2-english,0.9510695934295654,0.01194775104522705,0.9510695934295654,2
484,distilbert-base-uncased-finetuned-sst-2-english,0.998604973157247,0.0005796516234341938,0.998604973157247,3
485,distilbert-base-uncased-finetuned-sst-2-english,0.9911055862903595,0.004795819520950317,0.9911055862903595,2
486,distilbert-base-uncased-finetuned-sst-2-english,-0.33220018943150836,0.9349011462714014,0.9921653866767883,3
487,distilbert-base-uncased-finetuned-sst-2-english,0.9977113306522369,0.0016151368618011475,0.9977113306522369,2
488,distilbert-base-uncased-finetuned-sst-2-english,-0.7819279730319977,0.1868041455745697,0.7819279730319977,2
489,distilbert-base-uncased-finetuned-sst-2-english,0.9969878494739532,0.002640455961227417,0.9969878494739532,2
490,distilbert-base-uncased-finetuned-sst-2-english,0.03882473707199097,0.9606482982635498,0.9606482982635498,2
491,distilbert-base-uncased-finetuned-sst-2-english,-0.9795345664024353,0.0019025206565856934,0.9795345664024353,2
492,distilbert-base-uncased-finetuned-sst-2-english,0.8435564637184143,0.2181168358988256,0.8435564637184143,3
493,distilbert-base-uncased-finetuned-sst-2-english,0.9827540516853333,0.0,0.9827540516853333,1
494,distilbert-base-uncased-finetuned-sst-2-english,0.9973409175872803,0.00027048587799072266,0.9973409175872803,2
495,distilbert-base-uncased-finetuned-sst-2-english,-0.9326194524765015,0.02190631628036499,0.9326194524765015,2
496,distilbert-base-uncased-finetuned-sst-2-english,-0.012661367654800415,0.9849567711353302,0.9849567711353302,2
497,distilbert-base-uncased-finetuned-sst-2-english,0.9959144393603007,0.0033921571078176604,0.9959144393603007,3
498,distilbert-base-uncased-finetuned-sst-2-english,0.5572792291641235,0.0,0.5572792291641235,1
499,distilbert-base-uncased-finetuned-sst-2-english,0.994198203086853,0.0,0.994198203086853,1
500,distilbert-base-uncased-finetuned-sst-2-english,0.9459859728813171,0.023456037044525146,0.9459859728813171,2
501,distilbert-base-uncased-finetuned-sst-2-english,0.9982915123303732,0.0005926611296706712,0.9982915123303732,3
502,distilbert-base-uncased-finetuned-sst-2-english,0.9978689253330231,0.001702815294265747,0.9978689253330231,2
503,distilbert-base-uncased-finetuned-sst-2-english,0.9484520852565765,0.04412516951560974,0.9484520852565765,2
504,distilbert-base-uncased-finetuned-sst-2-english,0.9414207637310028,0.048212915658950806,0.9414207637310028,2
505,distilbert-base-uncased-finetuned-sst-2-english,-0.9550020098686218,0.05499963235152305,0.9550020098686218,3
506,distilbert-base-uncased-finetuned-sst-2-english,0.9989020228385925,0.0006461143493652344,0.9989020228385925,2
507,distilbert-base-uncased-finetuned-sst-2-english,0.9939799308776855,0.004823565483093262,0.9939799308776855,2
508,distilbert-base-uncased-finetuned-sst-2-english,0.9972858428955078,0.0008966922760009766,0.9972858428955078,2
509,distilbert-base-uncased-finetuned-sst-2-english,0.9443289041519165,0.0,0.9443289041519165,1
510,distilbert-base-uncased-finetuned-sst-2-english,0.6652299165725708,0.0,0.6652299165725708,1
511,distilbert-base-uncased-finetuned-sst-2-english,0.9923601746559143,0.006392061710357666,0.9923601746559143,2
512,distilbert-base-uncased-finetuned-sst-2-english,0.8266685903072357,0.14897671341896057,0.8266685903072357,2
513,distilbert-base-uncased-finetuned-sst-2-english,-0.9322609901428223,0.059120357036590576,0.9322609901428223,2
514,distilbert-base-uncased-finetuned-sst-2-english,0.9152238965034485,0.0,0.9152238965034485,1
515,distilbert-base-uncased-finetuned-sst-2-english,0.035389065742492676,0.96268630027771,0.96268630027771,2
516,distilbert-base-uncased-finetuned-sst-2-english,0.9985474944114685,0.0,0.9985474944114685,1
517,distilbert-base-uncased-finetuned-sst-2-english,0.9990686476230621,0.00010791420936584473,0.9990686476230621,2
518,distilbert-base-uncased-finetuned-sst-2-english,0.020035773515701294,0.97706738114357,0.97706738114357,2
519,distilbert-base-uncased-finetuned-sst-2-english,0.9884175658226013,0.0,0.9884175658226013,1
520,distilbert-base-uncased-finetuned-sst-2-english,0.7586143910884857,0.15547433495521545,0.7586143910884857,2
521,distilbert-base-uncased-finetuned-sst-2-english,0.9963523149490356,0.0,0.9963523149490356,1
522,distilbert-base-uncased-finetuned-sst-2-english,0.0004984736442565918,0.9991164803504944,0.9991164803504944,2
523,distilbert-base-uncased-finetuned-sst-2-english,0.003274470567703247,0.9920931756496429,0.9920931756496429,2
524,distilbert-base-uncased-finetuned-sst-2-english,-0.9559706747531891,0.043031007051467896,0.9559706747531891,2
525,distilbert-base-uncased-finetuned-sst-2-english,0.9960892597834269,0.002366588368066734,0.9960892597834269,3
526,distilbert-base-uncased-finetuned-sst-2-english,0.9621446132659912,0.02313864231109619,0.9621446132659912,2
527,distilbert-base-uncased-finetuned-sst-2-english,0.899955153465271,0.0,0.899955153465271,1
528,distilbert-base-uncased-finetuned-sst-2-english,0.15024390816688538,0.8481875956058502,0.8481875956058502,2
529,distilbert-base-uncased-finetuned-sst-2-english,-0.03245985507965088,0.8462538719177246,0.8462538719177246,2
530,distilbert-base-uncased-finetuned-sst-2-english,0.955901026725769,0.03994625806808472,0.955901026725769,2
531,distilbert-base-uncased-finetuned-sst-2-english,-0.9702021479606628,0.009473621845245361,0.9702021479606628,2
532,distilbert-base-uncased-finetuned-sst-2-english,-0.9852995872497559,0.0,0.9852995872497559,1
533,distilbert-base-uncased-finetuned-sst-2-english,-0.2932199239730835,0.9058250583515106,0.9506384134292603,3
534,distilbert-base-uncased-finetuned-sst-2-english,-0.9370637834072113,0.018105298280715942,0.9370637834072113,2
535,distilbert-base-uncased-finetuned-sst-2-english,0.9765066206455231,0.012473911046981812,0.9765066206455231,2
536,distilbert-base-uncased-finetuned-sst-2-english,-0.9066569805145264,0.0,0.9066569805145264,1
537,distilbert-base-uncased-finetuned-sst-2-english,0.021753758192062378,0.974278062582016,0.974278062582016,2
538,distilbert-base-uncased-finetuned-sst-2-english,0.9957661628723145,0.0,0.9957661628723145,1
539,distilbert-base-uncased-finetuned-sst-2-english,0.9713287055492401,0.02484270930290222,0.9713287055492401,2
540,distilbert-base-uncased-finetuned-sst-2-english,-0.32952000697453815,0.9384076235320574,0.9945786197980245,3
541,distilbert-base-uncased-finetuned-sst-2-english,-0.03915047645568848,0.9416272044181824,0.9416272044181824,2
542,distilbert-base-uncased-finetuned-sst-2-english,0.03100764751434326,0.9656625390052795,0.9656625390052795,2
543,distilbert-base-uncased-finetuned-sst-2-english,0.002285003662109375,0.9961982369422913,0.9961982369422913,2
544,distilbert-base-uncased-finetuned-sst-2-english,0.8136734962463379,0.1622287929636922,0.8136734962463379,3
545,distilbert-base-uncased-finetuned-sst-2-english,0.9787174165248871,0.019183188676834106,0.9787174165248871,2
546,distilbert-base-uncased-finetuned-sst-2-english,-0.9977236688137054,0.0015475451946258545,0.9977236688137054,2
547,distilbert-base-uncased-finetuned-sst-2-english,0.5489211678504944,0.0,0.5489211678504944,1
548,distilbert-base-uncased-finetuned-sst-2-english,-0.001606971025466919,0.9950774013996124,0.9950774013996124,2
549,distilbert-base-uncased-finetuned-sst-2-english,0.9984338581562042,0.0007697641849517822,0.9984338581562042,2
550,distilbert-base-uncased-finetuned-sst-2-english,-0.0025391578674316406,0.9722817540168762,0.9722817540168762,2
551,distilbert-base-uncased-finetuned-sst-2-english,0.9956876635551453,0.0,0.9956876635551453,1
552,distilbert-base-uncased-finetuned-sst-2-english,-0.9377144575119019,0.0,0.9377144575119019,1
553,distilbert-base-uncased-finetuned-sst-2-english,0.9981238842010498,0.0014397501945495605,0.9981238842010498,2
554,distilbert-base-uncased-finetuned-sst-2-english,0.9900851249694824,0.0006783604621887207,0.9900851249694824,2
555,distilbert-base-uncased-finetuned-sst-2-english,0.20566487312316895,0.7801283001899719,0.7801283001899719,2
556,distilbert-base-uncased-finetuned-sst-2-english,0.0956873893737793,0.8334934115409851,0.8334934115409851,2
557,distilbert-base-uncased-finetuned-sst-2-english,0.3234730362892151,0.9283332183583026,0.983065108458201,3
558,distilbert-base-uncased-finetuned-sst-2-english,0.9895398020744324,0.0,0.9895398020744324,1
559,distilbert-base-uncased-finetuned-sst-2-english,-0.8695417940616608,0.11798426508903503,0.8695417940616608,2
560,distilbert-base-uncased-finetuned-sst-2-english,0.9962827265262604,9.91523265838623e-05,0.9962827265262604,2
561,distilbert-base-uncased-finetuned-sst-2-english,-0.003261059522628784,0.9874987900257111,0.9874987900257111,2
562,distilbert-base-uncased-finetuned-sst-2-english,0.004809707403182983,0.9914397895336151,0.9914397895336151,2
563,distilbert-base-uncased-finetuned-sst-2-english,-0.9980877041816711,0.0,0.9980877041816711,1
564,distilbert-base-uncased-finetuned-sst-2-english,-0.9994655251502991,0.0,0.9994655251502991,1
565,distilbert-base-uncased-finetuned-sst-2-english,-0.03526341915130615,0.9610415697097778,0.9610415697097778,2
566,distilbert-base-uncased-finetuned-sst-2-english,-0.9951834082603455,0.0023946762084960938,0.9951834082603455,2
567,distilbert-base-uncased-finetuned-sst-2-english,-0.9946873386700948,0.0037948435444829683,0.9946873386700948,6
568,distilbert-base-uncased-finetuned-sst-2-english,0.9937612414360046,0.0,0.9937612414360046,1
569,distilbert-base-uncased-finetuned-sst-2-english,-0.8534826636314392,0.0,0.8534826636314392,1
570,distilbert-base-uncased-finetuned-sst-2-english,0.816106379032135,0.0,0.816106379032135,1
571,distilbert-base-uncased-finetuned-sst-2-english,0.9597476124763489,0.0,0.9597476124763489,1
572,distilbert-base-uncased-finetuned-sst-2-english,0.5449498891830444,0.0,0.5449498891830444,1
573,distilbert-base-uncased-finetuned-sst-2-english,0.7975742220878601,0.0,0.7975742220878601,1
574,distilbert-base-uncased-finetuned-sst-2-english,-0.9310564398765564,0.1409833376511781,0.9310564398765564,6
575,distilbert-base-uncased-finetuned-sst-2-english,-0.9546467661857605,0.05853486829129907,0.9546467661857605,6
576,distilbert-base-uncased-finetuned-sst-2-english,-0.9873631298542023,0.008560551022007081,0.9873631298542023,6
577,distilbert-base-uncased-finetuned-sst-2-english,-0.9573377867539724,0.05845240726967518,0.9573377867539724,6
578,distilbert-base-uncased-finetuned-sst-2-english,-0.9914061824480692,0.0034553689569603373,0.9914061824480692,6
579,distilbert-base-uncased-finetuned-sst-2-english,-0.9934824605782827,0.002989396715197879,0.9934824605782827,6
580,distilbert-base-uncased-finetuned-sst-2-english,-0.9969193836053213,0.0023352954176603146,0.9969193836053213,6
581,distilbert-base-uncased-finetuned-sst-2-english,-0.9805403550465902,0.031826979241472035,0.9805403550465902,6
582,distilbert-base-uncased-finetuned-sst-2-english,-0.6593004862467448,0.7401327373622877,0.9911775986353556,6
583,distilbert-base-uncased-finetuned-sst-2-english,-0.6394884288311005,0.7148720917557604,0.9584103723367056,6
584,distilbert-base-uncased-finetuned-sst-2-english,-0.39778992533683777,0.756545259263682,0.8399610618750254,6
585,distilbert-base-uncased-finetuned-sst-2-english,-0.3749488592147827,0.859025280850841,0.9340336720148722,6
586,distilbert-base-uncased-finetuned-sst-2-english,-0.9877346654733022,0.015108416507598435,0.9877346654733022,6
587,distilbert-base-uncased-finetuned-sst-2-english,-0.9825484255949656,0.018757145533380263,0.9825484255949656,6
588,distilbert-base-uncased-finetuned-sst-2-english,-0.5960598587989807,0.7756217511014698,0.9780772089958191,5
589,distilbert-base-uncased-finetuned-sst-2-english,0.19635600845019022,0.8544550129128263,0.8608172039190928,6
590,distilbert-base-uncased-finetuned-sst-2-english,-0.6958323617776235,0.6388792400013582,0.9399618009726206,6
591,distilbert-base-uncased-finetuned-sst-2-english,-0.008297160267829895,0.8345683572792116,0.8288330882787704,4
592,distilbert-base-uncased-finetuned-sst-2-english,-0.9924334585666656,0.002591839172342077,0.9924334585666656,6
593,distilbert-base-uncased-finetuned-sst-2-english,-0.9868077039718628,0.009924823471680208,0.9868077039718628,6
594,distilbert-base-uncased-finetuned-sst-2-english,-0.34106965859731037,0.7968236163376932,0.8564112186431885,6
595,distilbert-base-uncased-finetuned-sst-2-english,-0.6648907760779063,0.5597196257313748,0.8488587439060211,6
596,distilbert-base-uncased-finetuned-sst-2-english,-0.9968118766943613,0.002019333564693107,0.9968118766943613,6
597,distilbert-base-uncased-finetuned-sst-2-english,-0.9806290070215861,0.012384136521253251,0.9806290070215861,6
598,distilbert-base-uncased-finetuned-sst-2-english,-0.988774041334788,0.011079791592804878,0.988774041334788,6
599,distilbert-base-uncased-finetuned-sst-2-english,-0.9799820780754089,0.023367132368586823,0.9799820780754089,6
600,distilbert-base-uncased-finetuned-sst-2-english,-0.946588416894277,0.051600780191283314,0.946588416894277,6
601,distilbert-base-uncased-finetuned-sst-2-english,-0.8463504016399384,0.13822068400637488,0.8463504016399384,6
602,distilbert-base-uncased-finetuned-sst-2-english,-0.992148776849111,0.011257708411104954,0.992148776849111,6
603,distilbert-base-uncased-finetuned-sst-2-english,-0.8964870969454447,0.16306841685944948,0.8964870969454447,6
604,distilbert-base-uncased-finetuned-sst-2-english,-0.9041973948478699,0.09513803366758034,0.9041973948478699,5
605,distilbert-base-uncased-finetuned-sst-2-english,-0.6422964533170065,0.5930944241793457,0.8546968499819437,6
606,distilbert-base-uncased-finetuned-sst-2-english,-0.9915149410565695,0.009416625907244996,0.9915149410565695,6
607,distilbert-base-uncased-finetuned-sst-2-english,-0.9884014228979746,0.015552436545172212,0.9884014228979746,6
608,distilbert-base-uncased-finetuned-sst-2-english,-0.9839445054531097,0.015613765738029932,0.9839445054531097,4
609,distilbert-base-uncased-finetuned-sst-2-english,-0.9047177731990814,0.15422307516287098,0.9047177731990814,4
610,distilbert-base-uncased-finetuned-sst-2-english,-0.6672882636388143,0.7212996322329894,0.9824792544047037,6
611,distilbert-base-uncased-finetuned-sst-2-english,-0.9660852551460266,0.04458904482842026,0.9660852551460266,6
612,distilbert-base-uncased-finetuned-sst-2-english,-0.6196388105551401,0.7140494520245939,0.9411064485708872,6
613,distilbert-base-uncased-finetuned-sst-2-english,-0.9914334813753763,0.006099509840983101,0.9914334813753763,6
614,distilbert-base-uncased-finetuned-sst-2-english,-0.9906609058380127,0.0030974367111940185,0.9906609058380127,6
615,distilbert-base-uncased-finetuned-sst-2-english,-0.6681088407834371,0.5878468038550856,0.8805665175120035,6
616,distilbert-base-uncased-finetuned-sst-2-english,-0.9887306094169617,0.013775268508296756,0.9887306094169617,6
617,distilbert-base-uncased-finetuned-sst-2-english,-0.3694482048352559,0.8794156053511095,0.9522677063941956,3
618,distilbert-base-uncased-finetuned-sst-2-english,-0.4138065278530121,0.7861466174257618,0.8784880936145782,6
619,distilbert-base-uncased-finetuned-sst-2-english,-0.980539987484614,0.01922066559247151,0.980539987484614,6
620,distilbert-base-uncased-finetuned-sst-2-english,-0.9791712860266367,0.016225689662047325,0.9791712860266367,6
621,distilbert-base-uncased-finetuned-sst-2-english,-0.619836171468099,0.5872686596879063,0.838363766670227,6
622,distilbert-base-uncased-finetuned-sst-2-english,-0.6297269066174825,0.7220031171250304,0.9553288022677103,6
623,distilbert-base-uncased-finetuned-sst-2-english,-0.9567809502283732,0.05983650391404631,0.9567809502283732,6
624,distilbert-base-uncased-finetuned-sst-2-english,-0.9908962349096934,0.008108314552730174,0.9908962349096934,6
625,distilbert-base-uncased-finetuned-sst-2-english,-0.9829758207003275,0.010871141442692873,0.9829758207003275,6
626,distilbert-base-uncased-finetuned-sst-2-english,-0.9986921846866608,0.0009440909813480686,0.9986921846866608,6
627,distilbert-base-uncased-finetuned-sst-2-english,-0.7084915439287821,0.6030864958247306,0.9216225544611613,6
628,distilbert-base-uncased-finetuned-sst-2-english,-0.0692173441251119,0.931514644560846,0.9234204888343811,6
629,distilbert-base-uncased-finetuned-sst-2-english,-0.9911666413148245,0.0030120631758084456,0.9911666413148245,6
630,distilbert-base-uncased-finetuned-sst-2-english,-0.6592216193675995,0.7342696380435716,0.9867277046044668,6
631,distilbert-base-uncased-finetuned-sst-2-english,-0.6785653531551361,0.6514920152912914,0.9366070131460825,6
632,distilbert-base-uncased-finetuned-sst-2-english,-0.9917424917221069,0.006036869495018578,0.9917424917221069,6
633,distilbert-base-uncased-finetuned-sst-2-english,-0.9243291914463043,0.08251520956444879,0.9243291914463043,6
634,distilbert-base-uncased-finetuned-sst-2-english,-0.9798449575901031,0.016514722377322162,0.9798449575901031,6
635,distilbert-base-uncased-finetuned-sst-2-english,-0.04510432481765747,0.8944492936134338,0.8944492936134338,2
636,distilbert-base-uncased-finetuned-sst-2-english,-0.9960850576559702,0.0018969777006817082,0.9960850576559702,6
637,distilbert-base-uncased-finetuned-sst-2-english,-0.6514300306638082,0.7287974367079524,0.9772112766901652,6
638,distilbert-base-uncased-finetuned-sst-2-english,-0.9232147336006165,0.12329991882080671,0.9232147336006165,6
639,distilbert-base-uncased-finetuned-sst-2-english,-0.9970700740814209,0.0016065979789175065,0.9970700740814209,6
640,distilbert-base-uncased-finetuned-sst-2-english,-0.9878847499688467,0.013227913220571135,0.9878847499688467,6
641,distilbert-base-uncased-finetuned-sst-2-english,0.9938898086547852,0.0,0.9938898086547852,1
642,distilbert-base-uncased-finetuned-sst-2-english,0.9277676343917847,0.0,0.9277676343917847,1
643,distilbert-base-uncased-finetuned-sst-2-english,0.5346217751502991,0.0,0.5346217751502991,1
724,distilbert-base-uncased-finetuned-sst-2-english,0.9429548978805542,0.0,0.9429548978805542,1
725,distilbert-base-uncased-finetuned-sst-2-english,0.8562466502189636,0.0,0.8562466502189636,1
726,distilbert-base-uncased-finetuned-sst-2-english,-0.9824216961860657,0.0,0.9824216961860657,1
727,distilbert-base-uncased-finetuned-sst-2-english,0.9676923751831055,0.0,0.9676923751831055,1
728,distilbert-base-uncased-finetuned-sst-2-english,-0.9870600402355194,0.016423006503045227,0.9870600402355194,6
729,distilbert-base-uncased-finetuned-sst-2-english,-0.9736127356688181,0.02374131674196901,0.9736127356688181,6
730,distilbert-base-uncased-finetuned-sst-2-english,-0.9964645802974701,0.0016116660305599826,0.9964645802974701,6
731,distilbert-base-uncased-finetuned-sst-2-english,-0.2002169132232666,0.9592785093096083,0.979825234413147,5
732,distilbert-base-uncased-finetuned-sst-2-english,-0.6602369546890259,0.7125610280362041,0.9707931478818258,6
733,distilbert-base-uncased-finetuned-sst-2-english,-0.9741498132546743,0.024578884038393922,0.9741498132546743,6
734,distilbert-base-uncased-finetuned-sst-2-english,-0.9960833489894867,0.004339621106296462,0.9960833489894867,6
735,distilbert-base-uncased-finetuned-sst-2-english,-0.9652838309605917,0.04532755674715223,0.9652838309605917,6
736,distilbert-base-uncased-finetuned-sst-2-english,-0.7136449019114176,0.6284147922162918,0.944153348604838,6
737,distilbert-base-uncased-finetuned-sst-2-english,-0.4358793993790944,0.7626104416826854,0.8625673353672028,6
738,distilbert-base-uncased-finetuned-sst-2-english,-0.9526663621266683,0.07664066719083601,0.9526663621266683,6
739,distilbert-base-uncased-finetuned-sst-2-english,-0.9955365657806396,0.0,0.9955365657806396,1
740,distilbert-base-uncased-finetuned-sst-2-english,-0.9822057485580444,0.03367127268815285,0.9822057485580444,6
741,distilbert-base-uncased-finetuned-sst-2-english,-0.990919440984726,0.007095018752345834,0.990919440984726,6
742,distilbert-base-uncased-finetuned-sst-2-english,-0.53374844789505,0.6614996556800332,0.8247682253519694,6
743,distilbert-base-uncased-finetuned-sst-2-english,-0.9927488267421722,0.007615034312857817,0.9927488267421722,4
749,distilbert-base-uncased-finetuned-sst-2-english,0.9903610944747925,0.0,0.9903610944747925,1
750,distilbert-base-uncased-finetuned-sst-2-english,0.0037911832332611084,0.9891024529933929,0.9891024529933929,2
752,distilbert-base-uncased-finetuned-sst-2-english,-0.8036975860595703,0.0,0.8036975860595703,1
753,distilbert-base-uncased-finetuned-sst-2-english,0.9682207107543945,0.0,0.9682207107543945,1
754,distilbert-base-uncased-finetuned-sst-2-english,-0.9945001006126404,0.001467883586883545,0.9945001006126404,2
755,distilbert-base-uncased-finetuned-sst-2-english,0.9961285591125488,0.0,0.9961285591125488,1
756,distilbert-base-uncased-finetuned-sst-2-english,0.9961285591125488,0.0,0.9961285591125488,1
757,distilbert-base-uncased-finetuned-sst-2-english,0.9961285591125488,0.0,0.9961285591125488,1
758,distilbert-base-uncased-finetuned-sst-2-english,-0.9696933627128601,0.0,0.9696933627128601,1
759,distilbert-base-uncased-finetuned-sst-2-english,0.9956743121147156,0.0,0.9956743121147156,1
760,distilbert-base-uncased-finetuned-sst-2-english,-0.9977990388870239,0.0005928874015808105,0.9977990388870239,2
761,distilbert-base-uncased-finetuned-sst-2-english,0.5965494513511658,0.0,0.5965494513511658,1
762,distilbert-base-uncased-finetuned-sst-2-english,-0.5196579694747925,0.0,0.5196579694747925,1
764,distilbert-base-uncased-finetuned-sst-2-english,0.9961285591125488,0.0,0.9961285591125488,1
766,distilbert-base-uncased-finetuned-sst-2-english,-0.7566034197807312,0.0,0.7566034197807312,1
767,distilbert-base-uncased-finetuned-sst-2-english,-0.9937974065542221,0.005109958591884031,0.9937974065542221,4
768,distilbert-base-uncased-finetuned-sst-2-english,-0.9957721829414368,0.0,0.9957721829414368,1
769,distilbert-base-uncased-finetuned-sst-2-english,0.002161771059036255,0.9911361038684845,0.9911361038684845,2
770,distilbert-base-uncased-finetuned-sst-2-english,-0.9980204105377197,0.0,0.9980204105377197,1
773,distilbert-base-uncased-finetuned-sst-2-english,0.9961285591125488,0.0,0.9961285591125488,1
775,distilbert-base-uncased-finetuned-sst-2-english,-0.9686183929443359,0.0,0.9686183929443359,1
776,distilbert-base-uncased-finetuned-sst-2-english,-0.8724218904972076,0.11726012825965881,0.8724218904972076,2
777,distilbert-base-uncased-finetuned-sst-2-english,-0.9911466836929321,0.009739060564747461,0.9911466836929321,4
778,distilbert-base-uncased-finetuned-sst-2-english,-0.016159474849700928,0.9795050621032715,0.9795050621032715,2
779,distilbert-base-uncased-finetuned-sst-2-english,-0.06994816660881042,0.9264186918735504,0.9264186918735504,2
783,distilbert-base-uncased-finetuned-sst-2-english,0.9961285591125488,0.0,0.9961285591125488,1
798,distilbert-base-uncased-finetuned-sst-2-english,0.9961285591125488,0.0,0.9961285591125488,1
1,ProsusAI/finbert,0.0,0.0,0.8423766791820526,2
2,ProsusAI/finbert,0.046780288219451904,0.8180781602859497,0.8180781602859497,2
3,ProsusAI/finbert,-0.38374383449554444,0.32912539356140724,0.6605995893478394,5
4,ProsusAI/finbert,-0.7381051778793335,0.10798520583106816,0.7381051778793335,6
5,ProsusAI/finbert,-0.3861907323201497,0.27714805215510524,0.6260501344998678,3
6,ProsusAI/finbert,-0.1737825572490692,0.301000218624635,0.5912266373634338,4
7,ProsusAI/finbert,-0.32518959045410156,0.32518959045410156,0.5574185997247696,2
8,ProsusAI/finbert,-0.7687580585479736,0.0,0.7687580585479736,1
9,ProsusAI/finbert,-0.8583291172981262,0.029402732849121094,0.8583291172981262,2
10,ProsusAI/finbert,0.0,0.0,0.7140732407569885,2
11,ProsusAI/finbert,-0.8329001069068909,0.033223229259032774,0.8329001069068909,3
12,ProsusAI/finbert,0.0,0.0,0.5106258392333984,2
13,ProsusAI/finbert,0.0,0.0,0.6706779599189758,1
14,ProsusAI/finbert,0.18636939922968546,0.26356613200194706,0.6479315161705017,3
15,ProsusAI/finbert,0.0,0.0,0.756623387336731,2
16,ProsusAI/finbert,0.0,0.0,0.7733589808146158,3
17,ProsusAI/finbert,-0.6445082128047943,0.11484125256538391,0.6445082128047943,2
18,ProsusAI/finbert,-0.5604447523752848,0.39651319452516814,0.8315001527468363,3
19,ProsusAI/finbert,0.0,0.0,0.800393283367157,2
20,ProsusAI/finbert,0.0,0.0,0.625698188940684,3
21,ProsusAI/finbert,-0.37492648760477704,0.26971287693550006,0.549630880355835,3
22,ProsusAI/finbert,0.0,0.0,0.7998599886894227,5
23,ProsusAI/finbert,-0.7633181214332581,0.0,0.7633181214332581,1
24,ProsusAI/finbert,0.0830811858177185,0.18577517913971003,0.7400636573632559,6
25,ProsusAI/finbert,0.0,0.0,0.8575106263160706,1
26,ProsusAI/finbert,-0.4198783238728841,0.3072193655961518,0.6892464359601339,3
27,ProsusAI/finbert,-0.29414308071136475,0.41598113402021597,0.6775567730267843,3
28,ProsusAI/finbert,-0.5867289702097574,0.41554316629369953,0.8887950976689657,3
29,ProsusAI/finbert,-0.5048430760701498,0.36236880590301096,0.7382822235425314,3
30,ProsusAI/finbert,0.0,0.0,0.7790044744809469,6
31,ProsusAI/finbert,-0.9324012398719788,0.04369097948074341,0.9324012398719788,2
32,ProsusAI/finbert,-0.2913194497426351,0.41198791680910185,0.7615001996358236,3
33,ProsusAI/finbert,-0.8160123427708944,0.02062247857613658,0.8160123427708944,3
34,ProsusAI/finbert,-0.8091547787189484,0.10617473721504211,0.8091547787189484,2
35,ProsusAI/finbert,-0.30114099383354187,0.30114099383354187,0.6925220787525177,2
36,ProsusAI/finbert,-0.6933752497037252,0.03687812302859537,0.6933752497037252,3
37,ProsusAI/finbert,-0.37236693501472473,0.37236693501472473,0.6188044548034668,2
38,ProsusAI/finbert,-0.041286587715148926,0.586224205239818,0.7008370161056519,3
39,ProsusAI/finbert,-0.6754480004310608,0.11882877349853516,0.6754480004310608,2
40,ProsusAI/finbert,-0.42909640073776245,0.32230620903399293,0.6457184553146362,3
41,ProsusAI/finbert,0.0,0.0,0.644588053226471,2
42,ProsusAI/finbert,0.0,0.0,0.7413138449192047,4
43,ProsusAI/finbert,-0.6032868921756744,0.364207445157114,0.7601640522480011,4
44,ProsusAI/finbert,-0.193843275308609,0.33574640154007246,0.8516103029251099,4
45,ProsusAI/finbert,-0.29216911395390827,0.4131895234601474,0.8669605056444804,3
46,ProsusAI/finbert,-0.39753292004267377,0.28311406858592536,0.574013352394104,3
47,ProsusAI/finbert,0.0,0.0,0.8299970924854279,2
48,ProsusAI/finbert,-0.2969178080558777,0.380070380336379,0.7584145426750183,5
49,ProsusAI/finbert,-0.18268070618311563,0.2583495322680567,0.5299851099650065,3
50,ProsusAI/finbert,-0.338129460811615,0.338129460811615,0.5771923363208771,2
51,ProsusAI/finbert,-0.3701515197753906,0.3701515197753906,0.5974656492471695,2
52,ProsusAI/finbert,0.0,0.0,0.6070421785116196,2
53,ProsusAI/finbert,0.0,0.0,0.8503844340642294,3
54,ProsusAI/finbert,-0.42109736800193787,0.42109736800193787,0.812238335609436,2
55,ProsusAI/finbert,0.0,0.0,0.7570229172706604,3
56,ProsusAI/finbert,0.071632981300354,0.5825266242027283,0.5825266242027283,2
57,ProsusAI/finbert,-0.7617051005363464,0.17563951015472412,0.7617051005363464,2
58,ProsusAI/finbert,0.0,0.0,0.7368575930595398,3
59,ProsusAI/finbert,-0.9347771406173706,0.0034029483795166016,0.9347771406173706,2
60,ProsusAI/finbert,0.0,0.0,0.6558985710144043,4
61,ProsusAI/finbert,0.0,0.0,0.722061296304067,3
62,ProsusAI/finbert,-0.25626814365386963,0.25626814365386963,0.7210654616355896,2
63,ProsusAI/finbert,-0.42033708095550537,0.29772110066594726,0.6752334038416544,3
64,ProsusAI/finbert,0.0,0.0,0.66065913438797,2
65,ProsusAI/finbert,-0.3431137800216675,0.3444023044726138,0.6979086697101593,6
66,ProsusAI/finbert,-0.6804219186306,0.3409108781490662,0.8157875637213389,6
67,ProsusAI/finbert,0.0,0.0,0.6164498925209045,2
68,ProsusAI/finbert,-0.876067191362381,0.051170796155929565,0.876067191362381,2
69,ProsusAI/finbert,-0.8500558733940125,0.08264938556462276,0.8500558733940125,4
70,ProsusAI/finbert,-0.9379556179046631,0.0,0.9379556179046631,1
71,ProsusAI/finbert,-0.6121663451194763,0.10532376165942668,0.6121663451194763,3
72,ProsusAI/finbert,-0.4053684175014496,0.4053684175014496,0.667055606842041,2
73,ProsusAI/finbert,-0.13602854311466217,0.23560834795416846,0.6687244474887848,4
74,ProsusAI/finbert,-0.2131857474644979,0.3014901753689386,0.8126505414644877,3
75,ProsusAI/finbert,0.0,0.0,0.8393399318059286,6
76,ProsusAI/finbert,0.0,0.0,0.5223539918661118,2
77,ProsusAI/finbert,-0.7650265693664551,0.008043766021728516,0.7650265693664551,2
78,ProsusAI/finbert,-0.11751261949539185,0.23502523899078367,0.6806261301040649,5
79,ProsusAI/finbert,0.0,0.0,0.7673532962799072,1
80,ProsusAI/finbert,-0.4510028560956319,0.31894340402174426,0.6258112986882528,3
81,ProsusAI/finbert,0.0,0.0,0.7784231901168823,1
82,ProsusAI/finbert,0.0,0.0,0.787629246711731,2
83,ProsusAI/finbert,-0.31709718704223633,0.44844314250548867,0.8755935033162435,3
84,ProsusAI/finbert,0.0,0.0,0.760969877243042,1
85,ProsusAI/finbert,-0.24388112127780914,0.24388112127780914,0.6618127077817917,2
86,ProsusAI/finbert,-0.7745173573493958,0.1146039366722107,0.7745173573493958,2
87,ProsusAI/finbert,-0.8908047080039978,0.06152522563934326,0.8908047080039978,2
88,ProsusAI/finbert,0.0,0.0,0.7767172853151957,3
89,ProsusAI/finbert,-0.396709680557251,0.396709680557251,0.8592077195644379,2
90,ProsusAI/finbert,-0.587687224149704,0.08288529515266418,0.587687224149704,2
91,ProsusAI/finbert,0.0,0.0,0.6322138756513596,2
92,ProsusAI/finbert,-0.3275410532951355,0.3275410532951355,0.655718594789505,2
93,ProsusAI/finbert,0.0,0.0,0.8414568901062012,2
94,ProsusAI/finbert,-0.20344112316767374,0.2877091955281395,0.7623943090438843,3
95,ProsusAI/finbert,-0.6989607512950897,0.19693318009376526,0.6989607512950897,2
96,ProsusAI/finbert,-0.2946170171101888,0.4166513813031352,0.7782140970230103,3
97,ProsusAI/finbert,0.0,0.0,0.5523447543382645,2
98,ProsusAI/finbert,-0.09023407101631165,0.6494679152965546,0.6494679152965546,2
99,ProsusAI/finbert,-0.5353111028671265,0.3793040872973862,0.8223876953125,3
100,ProsusAI/finbert,-0.3072909911473592,0.4345750872756661,0.8105393052101135,3
101,ProsusAI/finbert,0.0,0.0,0.8392924666404724,2
103,ProsusAI/finbert,0.0,0.0,0.8161566853523254,3
106,ProsusAI/finbert,-0.416098952293396,0.41841176041519307,0.7757778912782669,4
109,ProsusAI/finbert,-0.20339100062847137,0.3522835468907859,0.750935010612011,4
112,ProsusAI/finbert,0.0,0.0,0.7912140885988871,3
115,ProsusAI/finbert,0.0,0.0,0.7323522369066874,3
118,ProsusAI/finbert,0.0,0.0,0.8726496696472168,5
123,ProsusAI/finbert,0.0,0.0,0.7878715892632803,6
126,ProsusAI/finbert,-0.12653205394744874,0.25306410789489747,0.8371342658996582,5
129,ProsusAI/finbert,0.0,0.0,0.7826520800590515,4
132,ProsusAI/finbert,0.0,0.0,0.7960297465324402,3
137,ProsusAI/finbert,-0.1427391767501831,0.24723150636187136,0.7034831196069717,4
140,ProsusAI/finbert,0.0,0.0,0.7207452853520712,3
143,ProsusAI/finbert,-0.43006713688373566,0.43010052905986074,0.8311555683612823,4
146,ProsusAI/finbert,0.0,0.0,0.8706191331148148,4
149,ProsusAI/finbert,-0.17756223678588867,0.3075468156187347,0.7405821681022644,4
152,ProsusAI/finbert,0.0,0.0,0.705247163772583,3
157,ProsusAI/finbert,-0.5339911778767904,0.37816410864183314,0.8301330208778381,3
160,ProsusAI/finbert,-0.21997734308242797,0.26950422148266967,0.6676708340644837,5
163,ProsusAI/finbert,0.0,0.0,0.8791007697582245,2
168,ProsusAI/finbert,-0.10778062343597412,0.21556124687194825,0.7045291185379028,5
171,ProsusAI/finbert,-0.22951738039652506,0.326944677538022,0.724481334288915,6
174,ProsusAI/finbert,0.0,0.0,0.8204410274823507,3
177,ProsusAI/finbert,0.0,0.0,0.7731160620848337,3
180,ProsusAI/finbert,-0.20450091361999512,0.2892079655590859,0.7324959437052408,3
183,ProsusAI/finbert,-0.21351408958435059,0.36981725129190807,0.837813675403595,4
186,ProsusAI/finbert,0.0,0.0,0.793697452545166,5
191,ProsusAI/finbert,-0.16434436043103537,0.23241802342110243,0.6243679225444794,3
194,ProsusAI/finbert,-0.1745680570602417,0.24687651385171414,0.6479031642278036,3
197,ProsusAI/finbert,0.0,0.0,0.9101227223873138,2
200,ProsusAI/finbert,-0.18223543961842856,0.2577198302534049,0.6442481279373169,3
203,ProsusAI/finbert,-0.12024266719818115,0.2404853343963623,0.7612079501152038,5
206,ProsusAI/finbert,-0.2329616149266561,0.3294574753416155,0.6022165417671204,3
211,ProsusAI/finbert,0.0,0.0,0.8346230983734131,2
214,ProsusAI/finbert,0.0,0.0,0.7568790912628174,2
217,ProsusAI/finbert,0.0,0.0,0.717010498046875,3
220,ProsusAI/finbert,0.0,0.0,0.7828530867894491,3
223,ProsusAI/finbert,-0.24401960770289102,0.3450958386983907,0.8062202533086141,3
228,ProsusAI/finbert,0.0,0.0,0.8071341315905253,3
231,ProsusAI/finbert,-0.12813955545425415,0.22194422050605783,0.7288952618837357,4
234,ProsusAI/finbert,-0.24505146741867065,0.3038815811507983,0.7125802397727966,5
237,ProsusAI/finbert,-0.2300092577934265,0.3252822118428333,0.7937758564949036,3
240,ProsusAI/finbert,-0.23045663038889566,0.33858120457676993,0.7134656608104706,6
243,ProsusAI/finbert,0.0,0.0,0.7249840646982193,4
248,ProsusAI/finbert,-0.2845343550046285,0.4023923438086266,0.835271954536438,3
464,ProsusAI/finbert,0.0,0.0,0.6706688404083252,2
465,ProsusAI/finbert,0.830938458442688,0.0,0.830938458442688,1
466,ProsusAI/finbert,0.41227856278419495,0.41227856278419495,0.8181775212287903,2
467,ProsusAI/finbert,0.4266245663166046,0.4266245663166046,0.7696203887462616,2
468,ProsusAI/finbert,0.6071235537528992,0.0,0.6071235537528992,1
469,ProsusAI/finbert,0.0,0.0,0.5708239078521729,2
470,ProsusAI/finbert,0.4199933707714081,0.4199933707714081,0.7970687747001648,2
471,ProsusAI/finbert,0.323751837015152,0.323751837015152,0.7235395014286041,2
472,ProsusAI/finbert,0.0,0.0,0.7692266702651978,2
473,ProsusAI/finbert,0.4623859723409017,0.3450768996480401,0.7219965656598409,3
474,ProsusAI/finbert,-0.4722922146320343,0.4722922146320343,0.8422024250030518,2
475,ProsusAI/finbert,0.713922381401062,0.15938109159469604,0.713922381401062,2
476,ProsusAI/finbert,0.35584619641304016,0.35584619641304016,0.6951912045478821,2
477,ProsusAI/finbert,0.2924518585205078,0.2924518585205078,0.6110982298851013,2
478,ProsusAI/finbert,0.1885913610458374,0.7634891271591187,0.7634891271591187,2
479,ProsusAI/finbert,0.0,0.0,0.6708036065101624,2
480,ProsusAI/finbert,0.7728091776371002,0.03615042567253113,0.7728091776371002,2
481,ProsusAI/finbert,0.0,0.0,0.7683466672897339,2
482,ProsusAI/finbert,0.0,0.0,0.7755326330661774,2
483,ProsusAI/finbert,0.0,0.0,0.880331963300705,2
484,ProsusAI/finbert,0.18605965375900269,0.2631280857564238,0.5685697793960571,3
485,ProsusAI/finbert,0.0,0.0,0.8066349923610687,2
486,ProsusAI/finbert,0.2878824671109517,0.40712728935773446,0.8279321789741516,3
487,ProsusAI/finbert,0.7048839330673218,0.1450902223587036,0.7048839330673218,2
488,ProsusAI/finbert,0.0,0.0,0.7532208561897278,2
489,ProsusAI/finbert,0.8221798241138458,0.07662138342857361,0.8221798241138458,2
490,ProsusAI/finbert,0.8304377198219299,0.06697386503219604,0.8304377198219299,2
491,ProsusAI/finbert,0.0,0.0,0.8461584746837616,2
492,ProsusAI/finbert,0.781555692354838,0.04418032372378046,0.781555692354838,3
493,ProsusAI/finbert,0.0,0.0,0.8233193159103394,1
494,ProsusAI/finbert,0.0,0.0,0.615269124507904,2
495,ProsusAI/finbert,0.0,0.0,0.8387104570865631,2
496,ProsusAI/finbert,0.26599279046058655,0.26599279046058655,0.6985931396484375,2
497,ProsusAI/finbert,0.20588703950246176,0.29116824358122656,0.6622851490974426,3
498,ProsusAI/finbert,0.0,0.0,0.8630925416946411,1
499,ProsusAI/finbert,0.0,0.0,0.7256730794906616,1
500,ProsusAI/finbert,0.0,0.0,0.6796907186508179,2
501,ProsusAI/finbert,0.7871960600217184,0.017981009288131927,0.7871960600217184,3
502,ProsusAI/finbert,0.4050470292568207,0.4050470292568207,0.8010091483592987,2
503,ProsusAI/finbert,0.32642093300819397,0.32642093300819397,0.6402655839920044,2
504,ProsusAI/finbert,0.0,0.0,0.7478506565093994,2
505,ProsusAI/finbert,0.0,0.0,0.8784152666727701,3
506,ProsusAI/finbert,0.6150286793708801,0.11437487602233887,0.6150286793708801,2
507,ProsusAI/finbert,0.8551640808582306,0.016284555196762085,0.8551640808582306,2
508,ProsusAI/finbert,0.2543622851371765,0.2543622851371765,0.5028599798679352,2
509,ProsusAI/finbert,0.0,0.0,0.6808951497077942,1
510,ProsusAI/finbert,0.0,0.0,0.7487502098083496,1
511,ProsusAI/finbert,0.2795480191707611,0.2795480191707611,0.5539565980434418,2
512,ProsusAI/finbert,0.4579516351222992,0.4579516351222992,0.7410072088241577,2
513,ProsusAI/finbert,0.0,0.0,0.7550013065338135,2
514,ProsusAI/finbert,0.0,0.0,0.8477620482444763,1
515,ProsusAI/finbert,0.0,0.0,0.8016687333583832,2
516,ProsusAI/finbert,0.6396653056144714,0.0,0.6396653056144714,1
517,ProsusAI/finbert,0.8527346253395081,0.01000124216079712,0.8527346253395081,2
518,ProsusAI/finbert,0.0,0.0,0.7312414944171906,2
519,ProsusAI/finbert,0.0,0.0,0.5504510402679443,1
520,ProsusAI/finbert,0.0,0.0,0.7322871685028076,2
521,ProsusAI/finbert,0.7030519843101501,0.0,0.7030519843101501,1
522,ProsusAI/finbert,0.4203071892261505,0.4203071892261505,0.8596104383468628,2
523,ProsusAI/finbert,0.0,0.0,0.8444475829601288,2
524,ProsusAI/finbert,-0.41966915130615234,0.41966915130615234,0.793144166469574,2
525,ProsusAI/finbert,0.5793984532356262,0.40972914790035014,0.8191992441813151,3
526,ProsusAI/finbert,0.0,0.0,0.7501379251480103,2
527,ProsusAI/finbert,0.0,0.0,0.7218728065490723,1
528,ProsusAI/finbert,0.0,0.0,0.5991519391536713,2
529,ProsusAI/finbert,0.2621016502380371,0.2621016502380371,0.7065339982509613,2
530,ProsusAI/finbert,0.0,0.0,0.882455587387085,2
531,ProsusAI/finbert,0.0,0.0,0.842565268278122,2
532,ProsusAI/finbert,0.0,0.0,0.9137324690818787,1
533,ProsusAI/finbert,0.0,0.0,0.7664826114972433,3
534,ProsusAI/finbert,0.0,0.0,0.807078629732132,2
535,ProsusAI/finbert,0.0,0.0,0.7007774114608765,2
536,ProsusAI/finbert,0.0,0.0,0.7398867607116699,1
537,ProsusAI/finbert,0.0,0.0,0.8117992281913757,2
538,ProsusAI/finbert,0.7928071618080139,0.0,0.7928071618080139,1
539,ProsusAI/finbert,0.2750507891178131,0.2750507891178131,0.5277189314365387,2
540,ProsusAI/finbert,0.0,0.0,0.6657485564549764,3
541,ProsusAI/finbert,0.0,0.0,0.7747849822044373,2
542,ProsusAI/finbert,0.0,0.0,0.7116506397724152,2
543,ProsusAI/finbert,0.7094897627830505,0.15509474277496338,0.7094897627830505,2
544,ProsusAI/finbert,0.21953606605529785,0.3104708820454379,0.6992235779762268,3
545,ProsusAI/finbert,0.7171145379543304,0.05903634428977966,0.7171145379543304,2
546,ProsusAI/finbert,-0.46116241812705994,0.46116241812705994,0.7641520202159882,2
547,ProsusAI/finbert,0.0,0.0,0.7596549391746521,1
548,ProsusAI/finbert,0.0,0.0,0.8736637532711029,2
549,ProsusAI/finbert,0.8123749494552612,0.06222856044769287,0.8123749494552612,2
550,ProsusAI/finbert,0.0,0.0,0.7495283484458923,2
551,ProsusAI/finbert,0.0,0.0,0.7231951355934143,1
552,ProsusAI/finbert,0.0,0.0,0.8174866437911987,1
553,ProsusAI/finbert,0.4075716435909271,0.4075716435909271,0.6845314204692841,2
554,ProsusAI/finbert,0.263386607170105,0.263386607170105,0.599423885345459,2
555,ProsusAI/finbert,0.7527114748954773,0.08024245500564575,0.7527114748954773,2
556,ProsusAI/finbert,0.4463749825954437,0.4463749825954437,0.8034476935863495,2
557,ProsusAI/finbert,0.4745222131411235,0.343400674408292,0.6792975664138794,3
558,ProsusAI/finbert,0.597578227519989,0.0,0.597578227519989,1
559,ProsusAI/finbert,0.0,0.0,0.8182831108570099,2
560,ProsusAI/finbert,0.6347236037254333,0.020066142082214355,0.6347236037254333,2
561,ProsusAI/finbert,0.0,0.0,0.7757295370101929,2
562,ProsusAI/finbert,0.0,0.0,0.7080754041671753,2
563,ProsusAI/finbert,-0.9455761909484863,0.0,0.9455761909484863,1
564,ProsusAI/finbert,0.0,0.0,0.7079020738601685,1
565,ProsusAI/finbert,0.0,0.0,0.7689178884029388,2
566,ProsusAI/finbert,0.0,0.0,0.938357800245285,2
567,ProsusAI/finbert,0.0,0.0,0.9171394407749176,6
568,ProsusAI/finbert,0.0,0.0,0.9381327629089355,1
569,ProsusAI/finbert,0.0,0.0,0.9383507370948792,1
570,ProsusAI/finbert,0.0,0.0,0.9397891759872437,1
571,ProsusAI/finbert,0.0,0.0,0.943146824836731,1
572,ProsusAI/finbert,0.0,0.0,0.9446403980255127,1
573,ProsusAI/finbert,0.0,0.0,0.9482528567314148,1
574,ProsusAI/finbert,-0.12096664309501648,0.2704896369704124,0.7210568288962046,6
575,ProsusAI/finbert,0.08373042941093445,0.1872269319480971,0.7178464929262797,6
576,ProsusAI/finbert,0.0,0.0,0.865319828192393,6
577,ProsusAI/finbert,0.0,0.0,0.7178038358688354,6
578,ProsusAI/finbert,0.0,0.0,0.8050639530022939,6
579,ProsusAI/finbert,-0.10093726714452107,0.2257025907982052,0.6809493203957876,6
580,ProsusAI/finbert,-0.18198214968045553,0.2576786165945962,0.6587151288986206,6
581,ProsusAI/finbert,0.09620498617490132,0.21512088886150682,0.7663014233112335,6
582,ProsusAI/finbert,-0.1308591365814209,0.2926099248729866,0.8474657038847605,6
583,ProsusAI/finbert,-0.08250206708908081,0.1844802302954329,0.6420097450415293,6
584,ProsusAI/finbert,0.0,0.0,0.7776393393675486,6
585,ProsusAI/finbert,0.0,0.0,0.7482543090979258,6
586,ProsusAI/finbert,0.22436895966529846,0.32206108634509945,0.7689119974772135,6
587,ProsusAI/finbert,-0.13255881269772848,0.29641051620878317,0.8887562851111094,6
588,ProsusAI/finbert,0.0,0.0,0.7363468170166015,5
589,ProsusAI/finbert,-0.13234023253122965,0.4846966313832946,0.723207692305247,6
590,ProsusAI/finbert,-0.10179264346758525,0.22761527040292048,0.6807727813720703,6
591,ProsusAI/finbert,0.033768430352211,0.44049354168470406,0.6889358758926392,4
592,ProsusAI/finbert,-0.24735678235689798,0.3653517021876031,0.7179104387760162,6
593,ProsusAI/finbert,-0.13978855311870575,0.42784963265321985,0.6949803084135056,6
594,ProsusAI/finbert,0.0,0.0,0.7822727163632711,6
595,ProsusAI/finbert,0.1485710839430491,0.3322150431874853,0.7462937931219736,6
596,ProsusAI/finbert,-0.16758336623509726,0.23855826518016324,0.675245980421702,6
597,ProsusAI/finbert,0.0,0.0,0.8439051806926727,6
598,ProsusAI/finbert,0.0,0.0,0.9080686072508494,6
599,ProsusAI/finbert,0.0,0.0,0.7605369786421458,6
600,ProsusAI/finbert,0.10617876052856445,0.23742292630854162,0.7677319745222727,6
601,ProsusAI/finbert,0.09350428978602092,0.20908194814938202,0.6660334765911102,6
602,ProsusAI/finbert,-0.14712866147359213,0.3289896884935064,0.7688881357510885,6
603,ProsusAI/finbert,-0.037560224533081055,0.3746289933641508,0.7419804036617279,6
604,ProsusAI/finbert,0.0,0.0,0.8431808590888977,5
605,ProsusAI/finbert,0.0,0.0,0.8451668719450632,6
606,ProsusAI/finbert,0.13016840815544128,0.2910654091585047,0.8000694910685221,6
607,ProsusAI/finbert,0.0,0.0,0.8476687073707581,6
608,ProsusAI/finbert,0.0,0.0,0.8945933431386948,4
609,ProsusAI/finbert,0.0,0.0,0.843049630522728,4
610,ProsusAI/finbert,0.0,0.0,0.7837065358956655,6
611,ProsusAI/finbert,0.0,0.0,0.7408663133780161,6
612,ProsusAI/finbert,0.0,0.0,0.687065785129865,6
613,ProsusAI/finbert,0.2124825914700826,0.30915403535658614,0.7247803012530009,6
614,ProsusAI/finbert,0.09613873561223348,0.2149727480998339,0.7764393091201782,6
615,ProsusAI/finbert,0.11408539613087972,0.2551027009886385,0.7006761034329733,6
616,ProsusAI/finbert,0.04870279133319855,0.36959812310008194,0.68372543156147,6
617,ProsusAI/finbert,0.1917720834414164,0.271206681287396,0.8018022179603577,3
618,ProsusAI/finbert,0.1688839594523112,0.41762716106342673,0.7366044918696085,6
619,ProsusAI/finbert,0.0,0.0,0.7590261896451315,6
620,ProsusAI/finbert,-0.10809838771820068,0.2417153431960251,0.7420683900515238,6
621,ProsusAI/finbert,0.09642223517100017,0.21560667238482742,0.6484474440415701,6
622,ProsusAI/finbert,0.0,0.0,0.7927384277184805,6
623,ProsusAI/finbert,0.0,0.0,0.8474925458431244,6
624,ProsusAI/finbert,0.0,0.0,0.8365389506022135,6
625,ProsusAI/finbert,0.2076245347658793,0.6251304651886644,0.7806649406750997,6
626,ProsusAI/finbert,-0.9061988294124603,0.06293798821254115,0.9061988294124603,6
627,ProsusAI/finbert,0.0,0.0,0.6588596900304159,6
628,ProsusAI/finbert,0.05866160988807678,0.13117134737931352,0.7426452338695526,6
629,ProsusAI/finbert,-0.11509411533673604,0.2573582657031429,0.7391963601112366,6
630,ProsusAI/finbert,-0.1499172349770864,0.3352251284075743,0.7773350377877554,6
631,ProsusAI/finbert,-0.21210689345995584,0.3159993999597174,0.7544063727060953,6
632,ProsusAI/finbert,-0.10474380850791931,0.2342142760459284,0.8593072096506754,6
633,ProsusAI/finbert,0.09246089061101277,0.20674883666639665,0.7515175342559814,6
634,ProsusAI/finbert,0.0,0.0,0.7698304653167725,6
635,ProsusAI/finbert,0.0,0.0,0.81979900598526,2
636,ProsusAI/finbert,-0.23289396365483603,0.6442412619948727,0.6958523094654083,6
637,ProsusAI/finbert,0.0,0.0,0.8599839806556702,6
638,ProsusAI/finbert,-0.2642318606376648,0.37421724917454036,0.8227272729078928,6
639,ProsusAI/finbert,-0.37626709540685016,0.38874365952975604,0.734999030828476,6
640,ProsusAI/finbert,-0.09294940034548442,0.20784117764034557,0.8007073303063711,6
641,ProsusAI/finbert,0.0,0.0,0.9431151151657104,1
642,ProsusAI/finbert,0.0,0.0,0.939165472984314,1
643,ProsusAI/finbert,0.0,0.0,0.9441730976104736,1
724,ProsusAI/finbert,0.0,0.0,0.9471877217292786,1
725,ProsusAI/finbert,0.0,0.0,0.9357353448867798,1
726,ProsusAI/finbert,0.0,0.0,0.9464951753616333,1
727,ProsusAI/finbert,0.0,0.0,0.9469959735870361,1
728,ProsusAI/finbert,0.0,0.0,0.9138824840386709,6
729,ProsusAI/finbert,0.0,0.0,0.9166392385959625,6
730,ProsusAI/finbert,0.0,0.0,0.9005536238352457,6
731,ProsusAI/finbert,-0.1217342734336853,0.24346854686737063,0.7641820192337037,5
732,ProsusAI/finbert,0.0,0.0,0.8427417278289795,6
733,ProsusAI/finbert,0.0,0.0,0.9043889840443929,6
734,ProsusAI/finbert,0.0,0.0,0.8481259743372599,6
735,ProsusAI/finbert,0.0,0.0,0.914846936861674,6
736,ProsusAI/finbert,0.0,0.0,0.872841606537501,6
737,ProsusAI/finbert,0.0,0.0,0.8578168948491415,6
738,ProsusAI/finbert,0.0,0.0,0.905092308918635,6
739,ProsusAI/finbert,0.0,0.0,0.934788703918457,1
740,ProsusAI/finbert,0.0,0.0,0.9178933103879293,6
741,ProsusAI/finbert,0.0,0.0,0.9223989546298981,6
742,ProsusAI/finbert,0.0,0.0,0.9092966715494791,6
743,ProsusAI/finbert,0.0,0.0,0.9349410682916641,4
749,ProsusAI/finbert,0.0,0.0,0.7051408886909485,1
750,ProsusAI/finbert,0.0,0.0,0.8866522312164307,2
752,ProsusAI/finbert,0.0,0.0,0.9437005519866943,1
753,ProsusAI/finbert,0.0,0.0,0.6956706047058105,1
754,ProsusAI/finbert,0.0,0.0,0.9102219045162201,2
755,ProsusAI/finbert,0.0,0.0,0.9341425895690918,1
756,ProsusAI/finbert,0.0,0.0,0.9341425895690918,1
757,ProsusAI/finbert,0.0,0.0,0.9341425895690918,1
758,ProsusAI/finbert,0.0,0.0,0.8511752486228943,1
759,ProsusAI/finbert,0.0,0.0,0.8877732753753662,1
760,ProsusAI/finbert,-0.29813119769096375,0.29813119769096375,0.7427864074707031,2
761,ProsusAI/finbert,0.0,0.0,0.914474606513977,1
762,ProsusAI/finbert,0.0,0.0,0.9195139408111572,1
764,ProsusAI/finbert,0.0,0.0,0.9341425895690918,1
766,ProsusAI/finbert,0.0,0.0,0.8910256028175354,1
767,ProsusAI/finbert,-0.22638943791389465,0.39211800876382547,0.7602794021368027,4
768,ProsusAI/finbert,0.0,0.0,0.9326474666595459,1
769,ProsusAI/finbert,0.0,0.0,0.9148008525371552,2
770,ProsusAI/finbert,0.0,0.0,0.8341434001922607,1
773,ProsusAI/finbert,0.0,0.0,0.9341425895690918,1
775,ProsusAI/finbert,0.0,0.0,0.9260088801383972,1
776,ProsusAI/finbert,0.0,0.0,0.8735643029212952,2
777,ProsusAI/finbert,-0.19318613409996033,0.3346081995789457,0.72430070489645,4
778,ProsusAI/finbert,0.0,0.0,0.8204476535320282,2
779,ProsusAI/finbert,-0.32902684807777405,0.32902684807777405,0.7583110332489014,2
783,ProsusAI/finbert,0.0,0.0,0.9341425895690918,1
798,ProsusAI/finbert,0.0,0.0,0.9341425895690918,1
1,cardiffnlp/twitter-roberta-base-sentiment-latest,0.0,0.0,0.7498306334018707,2
2,cardiffnlp/twitter-roberta-base-sentiment-latest,0.0,0.0,0.8341053426265717,2
3,cardiffnlp/twitter-roberta-base-sentiment-latest,-0.22365492582321167,0.27448599548514546,0.6772217631340027,5
4,cardiffnlp/twitter-roberta-base-sentiment-latest,-0.33383633693059284,0.3340189969800624,0.7213731606801351,6
5,cardiffnlp/twitter-roberta-base-sentiment-latest,0.0,0.0,0.7053954601287842,3
6,cardiffnlp/twitter-roberta-base-sentiment-latest,-0.15386386215686798,0.2665000267044696,0.7794434726238251,4
7,cardiffnlp/twitter-roberta-base-sentiment-latest,0.0,0.0,0.8329675197601318,2
8,cardiffnlp/twitter-roberta-base-sentiment-latest,-0.5491353273391724,0.0,0.5491353273391724,1
9,cardiffnlp/twitter-roberta-base-sentiment-latest,0.0,0.0,0.7222559750080109,2
10,cardiffnlp/twitter-roberta-base-sentiment-latest,0.0,0.0,0.7724136710166931,2
11,cardiffnlp/twitter-roberta-base-sentiment-latest,-0.2502937316894531,0.35396878993219716,0.5994885563850403,3
12,cardiffnlp/twitter-roberta-base-sentiment-latest,0.0,0.0,0.7340231537818909,2
13,cardiffnlp/twitter-roberta-base-sentiment-latest,-0.6539121866226196,0.0,0.6539121866226196,1
14,cardiffnlp/twitter-roberta-base-sentiment-latest,0.0,0.0,0.8052105704943339,3
15,cardiffnlp/twitter-roberta-base-sentiment-latest,0.26770448684692383,0.26770448684692383,0.6810487508773804,2
16,cardiffnlp/twitter-roberta-base-sentiment-latest,0.0,0.0,0.7157491445541382,3
17,cardiffnlp/twitter-roberta-base-sentiment-latest,-0.2894741892814636,0.2894741892814636,0.6179116368293762,2
18,cardiffnlp/twitter-roberta-base-sentiment-latest,0.0,0.0,0.6784790953000387,3
19,cardiffnlp/twitter-roberta-base-sentiment-latest,0.0,0.0,0.6945161819458008,2
20,cardiffnlp/twitter-roberta-base-sentiment-latest,-0.17344276110331217,0.24528510504774081,0.6703078349431356,3
21,cardiffnlp/twitter-roberta-base-sentiment-latest,0.0,0.0,0.7203356424967448,3
22,cardiffnlp/twitter-roberta-base-sentiment-latest,0.026434600353240967,0.3519535872917179,0.5735488533973694,5
23,cardiffnlp/twitter-roberta-base-sentiment-latest,0.0,0.0,0.5140076279640198,1
24,cardiffnlp/twitter-roberta-base-sentiment-latest,0.0,0.0,0.8098268508911133,6
25,cardiffnlp/twitter-roberta-base-sentiment-latest,0.0,0.0,0.5588391423225403,1
26,cardiffnlp/twitter-roberta-base-sentiment-latest,-0.21350411574045816,0.30194041610263095,0.7223214109738668,3
27,cardiffnlp/twitter-roberta-base-sentiment-latest,0.0,0.0,0.6978571017583212,3
28,cardiffnlp/twitter-roberta-base-sentiment-latest,-0.26258764664332074,0.3713550111946181,0.7637961506843567,3
29,cardiffnlp/twitter-roberta-base-sentiment-latest,0.0,0.0,0.677207370599111,3
30,cardiffnlp/twitter-roberta-base-sentiment-latest,-0.2180661161740621,0.30877966791186695,0.6713896095752716,6
31,cardiffnlp/twitter-roberta-base-sentiment-latest,0.0,0.0,0.6291463971138,2
32,cardiffnlp/twitter-roberta-base-sentiment-latest,-0.16529759764671326,0.23376610441967288,0.7288552820682526,3
33,cardiffnlp/twitter-roberta-base-sentiment-latest,0.0,0.0,0.7305860122044882,3
34,cardiffnlp/twitter-roberta-base-sentiment-latest,-0.31860414147377014,0.31860414147377014,0.5666987597942352,2
35,cardiffnlp/twitter-roberta-base-sentiment-latest,-0.678278237581253,0.062212198972702026,0.678278237581253,2
36,cardiffnlp/twitter-roberta-base-sentiment-latest,0.0,0.0,0.8028323650360107,3
37,cardiffnlp/twitter-roberta-base-sentiment-latest,0.0,0.0,0.7546991407871246,2
38,cardiffnlp/twitter-roberta-base-sentiment-latest,-0.1708870530128479,0.24167078800473957,0.6440878709157308,3
39,cardiffnlp/twitter-roberta-base-sentiment-latest,0.0,0.0,0.5948551893234253,2
40,cardiffnlp/twitter-roberta-base-sentiment-latest,0.0,0.0,0.7308676242828369,3
41,cardiffnlp/twitter-roberta-base-sentiment-latest,-0.2736895680427551,0.2736895680427551,0.5245019495487213,2
42,cardiffnlp/twitter-roberta-base-sentiment-latest,-0.16121242940425873,0.27922811853978696,0.691988117992878,4
43,cardiffnlp/twitter-roberta-base-sentiment-latest,0.0,0.0,0.7328638881444931,4
44,cardiffnlp/twitter-roberta-base-sentiment-latest,-0.1375209093093872,0.23819320202693045,0.7460212409496307,4
45,cardiffnlp/twitter-roberta-base-sentiment-latest,0.0,0.0,0.8052699764569601,3
46,cardiffnlp/twitter-roberta-base-sentiment-latest,-0.1729303995768229,0.24456051642814153,0.6649192174275717,3
47,cardiffnlp/twitter-roberta-base-sentiment-latest,-0.32153475284576416,0.32153475284576416,0.6270142793655396,2
48,cardiffnlp/twitter-roberta-base-sentiment-latest,-0.3106531500816345,0.31447041517283925,0.6477654278278351,6
49,cardiffnlp/twitter-roberta-base-sentiment-latest,-0.2677253683408101,0.3786208468989062,0.6940346757570902,3
50,cardiffnlp/twitter-roberta-base-sentiment-latest,0.0,0.0,0.7938327789306641,2
51,cardiffnlp/twitter-roberta-base-sentiment-latest,0.0,0.0,0.8187853097915649,2
52,cardiffnlp/twitter-roberta-base-sentiment-latest,0.0,0.0,0.7616382241249084,2
53,cardiffnlp/twitter-roberta-base-sentiment-latest,0.0,0.0,0.5919230580329895,2
54,cardiffnlp/twitter-roberta-base-sentiment-latest,0.0,0.0,0.6162573993206024,2
55,cardiffnlp/twitter-roberta-base-sentiment-latest,0.0,0.0,0.8845816055933634,3
56,cardiffnlp/twitter-roberta-base-sentiment-latest,-0.3094017207622528,0.3094017207622528,0.6842241883277893,2
57,cardiffnlp/twitter-roberta-base-sentiment-latest,-0.30217695236206055,0.30217695236206055,0.7261527180671692,2
58,cardiffnlp/twitter-roberta-base-sentiment-latest,-0.47863030433654785,0.3384526384556894,0.7175754110018412,3
59,cardiffnlp/twitter-roberta-base-sentiment-latest,-0.272162526845932,0.272162526845932,0.6633608937263489,2
60,cardiffnlp/twitter-roberta-base-sentiment-latest,-0.13159702718257904,0.22793273720524954,0.6234259158372879,4
61,cardiffnlp/twitter-roberta-base-sentiment-latest,0.0,0.0,0.7956822117169698,3
62,cardiffnlp/twitter-roberta-base-sentiment-latest,0.0,0.0,0.7215148210525513,2
63,cardiffnlp/twitter-roberta-base-sentiment-latest,0.0,0.0,0.8547695080439249,3
64,cardiffnlp/twitter-roberta-base-sentiment-latest,0.0,0.0,0.7960310578346252,2
65,cardiffnlp/twitter-roberta-base-sentiment-latest,-0.08262904981772105,0.18476417230864084,0.7084295103947321,6
66,cardiffnlp/twitter-roberta-base-sentiment-latest,-0.10790918270746867,0.24129226793034475,0.7290143370628357,6
67,cardiffnlp/twitter-roberta-base-sentiment-latest,0.0,0.0,0.7284876704216003,2
68,cardiffnlp/twitter-roberta-base-sentiment-latest,-0.26427724957466125,0.26427724957466125,0.6251161694526672,2
69,cardiffnlp/twitter-roberta-base-sentiment-latest,-0.4257821202278137,0.3486992794434858,0.7057982921600342,5
70,cardiffnlp/twitter-roberta-base-sentiment-latest,-0.6500427722930908,0.0,0.6500427722930908,1
71,cardiffnlp/twitter-roberta-base-sentiment-latest,-0.16910125811894736,0.23914529264616877,0.5495612621307373,3
72,cardiffnlp/twitter-roberta-base-sentiment-latest,-0.336800754070282,0.336800754070282,0.6970814764499664,2
73,cardiffnlp/twitter-roberta-base-sentiment-latest,0.0,0.0,0.8145356774330139,4
74,cardiffnlp/twitter-roberta-base-sentiment-latest,-0.2221894065539042,0.3142232721641608,0.6367442607879639,3
75,cardiffnlp/twitter-roberta-base-sentiment-latest,-0.09455922245979309,0.21144084931962223,0.6856359243392944,6
76,cardiffnlp/twitter-roberta-base-sentiment-latest,0.0,0.0,0.764864593744278,2
77,cardiffnlp/twitter-roberta-base-sentiment-latest,0.0,0.0,0.8033656775951385,2
78,cardiffnlp/twitter-roberta-base-sentiment-latest,0.0,0.0,0.7984847664833069,5
79,cardiffnlp/twitter-roberta-base-sentiment-latest,0.0,0.0,0.6395537257194519,1
80,cardiffnlp/twitter-roberta-base-sentiment-latest,-0.7633067518472672,0.029099899562311897,0.7633067518472672,4
81,cardiffnlp/twitter-roberta-base-sentiment-latest,-0.8456853032112122,0.0,0.8456853032112122,1
82,cardiffnlp/twitter-roberta-base-sentiment-latest,0.0,0.0,0.7699702382087708,3
83,cardiffnlp/twitter-roberta-base-sentiment-latest,0.0,0.0,0.7110369404157003,3
84,cardiffnlp/twitter-roberta-base-sentiment-latest,0.0,0.0,0.8441173434257507,2
85,cardiffnlp/twitter-roberta-base-sentiment-latest,-0.2867007255554199,0.2867007255554199,0.7479332387447357,2
86,cardiffnlp/twitter-roberta-base-sentiment-latest,-0.5499433279037476,0.04624342918395996,0.5499433279037476,2
87,cardiffnlp/twitter-roberta-base-sentiment-latest,-0.29280534386634827,0.29280534386634827,0.7037398815155029,2
88,cardiffnlp/twitter-roberta-base-sentiment-latest,0.0,0.0,0.7388200958569845,3
89,cardiffnlp/twitter-roberta-base-sentiment-latest,-0.24863412976264954,0.24863412976264954,0.6559288501739502,2
90,cardiffnlp/twitter-roberta-base-sentiment-latest,0.0,0.0,0.7309012115001678,2
91,cardiffnlp/twitter-roberta-base-sentiment-latest,0.0,0.0,0.8296421468257904,2
92,cardiffnlp/twitter-roberta-base-sentiment-latest,0.0,0.0,0.6338850557804108,2
93,cardiffnlp/twitter-roberta-base-sentiment-latest,0.0,0.0,0.7140453457832336,2
94,cardiffnlp/twitter-roberta-base-sentiment-latest,-0.3588756521542867,0.2537662473056559,0.5369414687156677,3
95,cardiffnlp/twitter-roberta-base-sentiment-latest,0.0,0.0,0.6990484297275543,2
96,cardiffnlp/twitter-roberta-base-sentiment-latest,0.0,0.0,0.6949442426363627,3
97,cardiffnlp/twitter-roberta-base-sentiment-latest,0.0,0.0,0.6956058740615845,2
98,cardiffnlp/twitter-roberta-base-sentiment-latest,0.0,0.0,0.8060264587402344,2
99,cardiffnlp/twitter-roberta-base-sentiment-latest,0.0,0.0,0.7869143883387247,3
100,cardiffnlp/twitter-roberta-base-sentiment-latest,-0.19566001494725546,0.27670504675253116,0.7237727443377177,3
101,cardiffnlp/twitter-roberta-base-sentiment-latest,0.0,0.0,0.6806760430335999,2
103,cardiffnlp/twitter-roberta-base-sentiment-latest,-0.23464930057525635,0.33184422327488844,0.6205685337384542,3
106,cardiffnlp/twitter-roberta-base-sentiment-latest,-0.3521638363599777,0.3577474653878727,0.7202343791723251,4
109,cardiffnlp/twitter-roberta-base-sentiment-latest,-0.37925657629966736,0.3802255234100387,0.7522186189889908,4
112,cardiffnlp/twitter-roberta-base-sentiment-latest,-0.23267428080240884,0.3290511235261725,0.6510556936264038,3
115,cardiffnlp/twitter-roberta-base-sentiment-latest,0.0,0.0,0.6279761791229248,2
118,cardiffnlp/twitter-roberta-base-sentiment-latest,0.3348589539527893,0.4101497698101873,0.7585194706916809,5
123,cardiffnlp/twitter-roberta-base-sentiment-latest,-0.10527174671490987,0.2353947817646786,0.7364184657732645,6
126,cardiffnlp/twitter-roberta-base-sentiment-latest,0.2222356915473938,0.4456474063123097,0.581415331363678,5
129,cardiffnlp/twitter-roberta-base-sentiment-latest,0.18839387595653534,0.5543681143614153,0.6758678704500198,4
132,cardiffnlp/twitter-roberta-base-sentiment-latest,-0.0001771847407023112,0.4264368172112461,0.5134928723176321,3
137,cardiffnlp/twitter-roberta-base-sentiment-latest,-0.13104620575904846,0.22697868651379716,0.6313725113868713,4
140,cardiffnlp/twitter-roberta-base-sentiment-latest,0.0,0.0,0.6470116972923279,3
143,cardiffnlp/twitter-roberta-base-sentiment-latest,-0.4963321288426717,0.35096123968435006,0.772131601969401,3
146,cardiffnlp/twitter-roberta-base-sentiment-latest,-0.3557291775941849,0.360860621920865,0.6856286078691483,4
149,cardiffnlp/twitter-roberta-base-sentiment-latest,-0.21379349629084268,0.30234966200167174,0.7102420528729757,3
152,cardiffnlp/twitter-roberta-base-sentiment-latest,0.15295941630999246,0.21631728103826375,0.6083383063475291,3
157,cardiffnlp/twitter-roberta-base-sentiment-latest,-0.47582165400187176,0.35031569153322356,0.7432638804117838,3
160,cardiffnlp/twitter-roberta-base-sentiment-latest,-0.3898647904396057,0.3228129410634837,0.6955722570419312,5
163,cardiffnlp/twitter-roberta-base-sentiment-latest,0.0,0.0,0.7309858500957489,2
168,cardiffnlp/twitter-roberta-base-sentiment-latest,-0.3169333239396413,0.3227104485997205,0.6663323144117991,6
171,cardiffnlp/twitter-roberta-base-sentiment-latest,-0.17361302177111307,0.24553713003414673,0.6473238915205002,6
174,cardiffnlp/twitter-roberta-base-sentiment-latest,-0.36173983414967853,0.2558061892108685,0.6423934102058411,3
177,cardiffnlp/twitter-roberta-base-sentiment-latest,0.0,0.0,0.6970184842745463,3
180,cardiffnlp/twitter-roberta-base-sentiment-latest,-0.23542853196461996,0.33294622287395326,0.7540359298388163,3
183,cardiffnlp/twitter-roberta-base-sentiment-latest,-0.1665460467338562,0.2884662147427796,0.7389522790908813,4
186,cardiffnlp/twitter-roberta-base-sentiment-latest,0.0,0.0,0.7596396803855896,5
191,cardiffnlp/twitter-roberta-base-sentiment-latest,-0.1957155466079712,0.27678358038025647,0.7057675719261169,3
194,cardiffnlp/twitter-roberta-base-sentiment-latest,-0.26180704434712726,0.3702510728405218,0.7501668731371561,3
197,cardiffnlp/twitter-roberta-base-sentiment-latest,0.0,0.0,0.7898224592208862,2
200,cardiffnlp/twitter-roberta-base-sentiment-latest,-0.21807706356048584,0.30840754092973854,0.7684415380160013,3
203,cardiffnlp/twitter-roberta-base-sentiment-latest,-0.387499725818634,0.3327493188410965,0.6470397591590882,5
206,cardiffnlp/twitter-roberta-base-sentiment-latest,-0.24389928579330444,0.3449256778220027,0.6895811359087626,3
211,cardiffnlp/twitter-roberta-base-sentiment-latest,0.0,0.0,0.7538393139839172,2
214,cardiffnlp/twitter-roberta-base-sentiment-latest,-0.3597925007343292,0.3597925007343292,0.6966321468353271,2
217,cardiffnlp/twitter-roberta-base-sentiment-latest,-0.25567630926767987,0.3615809041438507,0.7095332344373068,3
220,cardiffnlp/twitter-roberta-base-sentiment-latest,0.0,0.0,0.688172976175944,3
223,cardiffnlp/twitter-roberta-base-sentiment-latest,-0.49516979853312176,0.3509341223356937,0.6759217580159506,3
228,cardiffnlp/twitter-roberta-base-sentiment-latest,0.0,0.0,0.7986182371775309,3
231,cardiffnlp/twitter-roberta-base-sentiment-latest,-0.14820416271686554,0.25669713971881625,0.6953222006559372,4
234,cardiffnlp/twitter-roberta-base-sentiment-latest,-0.22459619045257567,0.2758206401203989,0.6709859848022461,5
237,cardiffnlp/twitter-roberta-base-sentiment-latest,0.0,0.0,0.7385475039482117,3
240,cardiffnlp/twitter-roberta-base-sentiment-latest,-0.41201601425806683,0.2965641971057939,0.6958889663219452,6
243,cardiffnlp/twitter-roberta-base-sentiment-latest,-0.3222573697566986,0.3227586267831323,0.6817549616098404,4
248,cardiffnlp/twitter-roberta-base-sentiment-latest,0.0,0.0,0.6943413615226746,3
464,cardiffnlp/twitter-roberta-base-sentiment-latest,0.0,0.0,0.7128163874149323,2
465,cardiffnlp/twitter-roberta-base-sentiment-latest,0.0,0.0,0.7612035274505615,1
466,cardiffnlp/twitter-roberta-base-sentiment-latest,0.0,0.0,0.6356900036334991,2
467,cardiffnlp/twitter-roberta-base-sentiment-latest,0.3681805431842804,0.3681805431842804,0.7552878260612488,2
468,cardiffnlp/twitter-roberta-base-sentiment-latest,0.0,0.0,0.8592074513435364,1
469,cardiffnlp/twitter-roberta-base-sentiment-latest,0.0,0.0,0.8259315490722656,2
470,cardiffnlp/twitter-roberta-base-sentiment-latest,0.3245869278907776,0.3245869278907776,0.6146301627159119,2
471,cardiffnlp/twitter-roberta-base-sentiment-latest,0.18297390143076578,0.25876417296370685,0.6647740403811137,3
472,cardiffnlp/twitter-roberta-base-sentiment-latest,0.0,0.0,0.8718314468860626,2
473,cardiffnlp/twitter-roberta-base-sentiment-latest,0.0,0.0,0.6625188986460367,3
474,cardiffnlp/twitter-roberta-base-sentiment-latest,0.3886350691318512,0.3886350691318512,0.8095565736293793,2
475,cardiffnlp/twitter-roberta-base-sentiment-latest,0.3300727307796478,0.3300727307796478,0.6910523772239685,2
476,cardiffnlp/twitter-roberta-base-sentiment-latest,0.0,0.0,0.7485295236110687,2
477,cardiffnlp/twitter-roberta-base-sentiment-latest,0.2736734449863434,0.2736734449863434,0.6423555016517639,2
478,cardiffnlp/twitter-roberta-base-sentiment-latest,0.0,0.0,0.8666940927505493,2
479,cardiffnlp/twitter-roberta-base-sentiment-latest,0.0,0.0,0.8241212069988251,2
480,cardiffnlp/twitter-roberta-base-sentiment-latest,0.0,0.0,0.8285390436649323,2
481,cardiffnlp/twitter-roberta-base-sentiment-latest,0.0,0.0,0.7987677454948425,2
482,cardiffnlp/twitter-roberta-base-sentiment-latest,0.0,0.0,0.7892091870307922,2
483,cardiffnlp/twitter-roberta-base-sentiment-latest,0.0,0.0,0.896565854549408,2
484,cardiffnlp/twitter-roberta-base-sentiment-latest,0.66358882188797,0.10819863989547825,0.66358882188797,3
485,cardiffnlp/twitter-roberta-base-sentiment-latest,0.0,0.0,0.8156855404376984,2
486,cardiffnlp/twitter-roberta-base-sentiment-latest,0.0,0.0,0.7641923030217489,3
487,cardiffnlp/twitter-roberta-base-sentiment-latest,0.27139589190483093,0.27139589190483093,0.6127679944038391,2
488,cardiffnlp/twitter-roberta-base-sentiment-latest,0.0,0.0,0.898318737745285,2
489,cardiffnlp/twitter-roberta-base-sentiment-latest,0.8359759449958801,0.056666672229766846,0.8359759449958801,2
490,cardiffnlp/twitter-roberta-base-sentiment-latest,0.4489808976650238,0.4489808976650238,0.8567836880683899,2
491,cardiffnlp/twitter-roberta-base-sentiment-latest,0.0,0.0,0.8616931736469269,2
492,cardiffnlp/twitter-roberta-base-sentiment-latest,0.19606407483418783,0.27727647372464187,0.6274023453394572,3
493,cardiffnlp/twitter-roberta-base-sentiment-latest,0.0,0.0,0.5427354574203491,1
494,cardiffnlp/twitter-roberta-base-sentiment-latest,0.7569337785243988,0.18878713250160217,0.7569337785243988,2
495,cardiffnlp/twitter-roberta-base-sentiment-latest,0.0,0.0,0.7222416698932648,2
496,cardiffnlp/twitter-roberta-base-sentiment-latest,0.0,0.0,0.9112280011177063,2
497,cardiffnlp/twitter-roberta-base-sentiment-latest,0.0,0.0,0.6848005056381226,3
498,cardiffnlp/twitter-roberta-base-sentiment-latest,0.0,0.0,0.8684182167053223,1
499,cardiffnlp/twitter-roberta-base-sentiment-latest,0.0,0.0,0.6945575475692749,1
500,cardiffnlp/twitter-roberta-base-sentiment-latest,0.0,0.0,0.5877963006496429,2
501,cardiffnlp/twitter-roberta-base-sentiment-latest,0.28089702129364014,0.39724837714366995,0.8252255320549011,3
502,cardiffnlp/twitter-roberta-base-sentiment-latest,0.4309581518173218,0.4309581518173218,0.7820311486721039,2
503,cardiffnlp/twitter-roberta-base-sentiment-latest,0.2907717525959015,0.2907717525959015,0.6349148154258728,2
504,cardiffnlp/twitter-roberta-base-sentiment-latest,0.0,0.0,0.7652511894702911,2
505,cardiffnlp/twitter-roberta-base-sentiment-latest,0.0,0.0,0.8332260847091675,3
506,cardiffnlp/twitter-roberta-base-sentiment-latest,0.33935147523880005,0.33935147523880005,0.6547166705131531,2
507,cardiffnlp/twitter-roberta-base-sentiment-latest,0.0,0.0,0.7097806334495544,2
508,cardiffnlp/twitter-roberta-base-sentiment-latest,0.2547115385532379,0.2547115385532379,0.565828263759613,2
509,cardiffnlp/twitter-roberta-base-sentiment-latest,0.0,0.0,0.7640759348869324,1
510,cardiffnlp/twitter-roberta-base-sentiment-latest,0.0,0.0,0.7101444005966187,1
511,cardiffnlp/twitter-roberta-base-sentiment-latest,0.2884093225002289,0.2884093225002289,0.6065845489501953,2
512,cardiffnlp/twitter-roberta-base-sentiment-latest,0.0,0.0,0.6754607856273651,2
513,cardiffnlp/twitter-roberta-base-sentiment-latest,0.0,0.0,0.6994895040988922,2
514,cardiffnlp/twitter-roberta-base-sentiment-latest,0.0,0.0,0.689842700958252,1
515,cardiffnlp/twitter-roberta-base-sentiment-latest,0.0,0.0,0.8603297173976898,2
516,cardiffnlp/twitter-roberta-base-sentiment-latest,0.0,0.0,0.574934184551239,1
517,cardiffnlp/twitter-roberta-base-sentiment-latest,0.4567260146141052,0.4567260146141052,0.7742908895015717,2
518,cardiffnlp/twitter-roberta-base-sentiment-latest,0.0,0.0,0.8083119988441467,2
519,cardiffnlp/twitter-roberta-base-sentiment-latest,0.5059148669242859,0.0,0.5059148669242859,1
520,cardiffnlp/twitter-roberta-base-sentiment-latest,0.0,0.0,0.8734865486621857,2
521,cardiffnlp/twitter-roberta-base-sentiment-latest,0.0,0.0,0.5526739358901978,1
522,cardiffnlp/twitter-roberta-base-sentiment-latest,0.0,0.0,0.6756841242313385,2
523,cardiffnlp/twitter-roberta-base-sentiment-latest,0.0,0.0,0.826433926820755,2
524,cardiffnlp/twitter-roberta-base-sentiment-latest,0.0,0.0,0.7307969629764557,2
525,cardiffnlp/twitter-roberta-base-sentiment-latest,0.5005871454874674,0.3578418110630402,0.7245402336120605,3
526,cardiffnlp/twitter-roberta-base-sentiment-latest,0.0,0.0,0.7000671923160553,2
527,cardiffnlp/twitter-roberta-base-sentiment-latest,0.0,0.0,0.5786733031272888,1
528,cardiffnlp/twitter-roberta-base-sentiment-latest,0.42682787775993347,0.42682787775993347,0.8202706873416901,2
529,cardiffnlp/twitter-roberta-base-sentiment-latest,0.0,0.0,0.8193915486335754,2
530,cardiffnlp/twitter-roberta-base-sentiment-latest,0.0,0.0,0.8429791033267975,2
531,cardiffnlp/twitter-roberta-base-sentiment-latest,0.36006519198417664,0.36006519198417664,0.8068758845329285,2
532,cardiffnlp/twitter-roberta-base-sentiment-latest,0.2671092748641968,0.2671092748641968,0.6999025940895081,2
533,cardiffnlp/twitter-roberta-base-sentiment-latest,0.0,0.0,0.8401590784390768,3
534,cardiffnlp/twitter-roberta-base-sentiment-latest,0.0,0.0,0.8757933378219604,2
535,cardiffnlp/twitter-roberta-base-sentiment-latest,0.0,0.0,0.6652825772762299,2
536,cardiffnlp/twitter-roberta-base-sentiment-latest,0.0,0.0,0.6674721837043762,1
537,cardiffnlp/twitter-roberta-base-sentiment-latest,0.0,0.0,0.9112645983695984,2
538,cardiffnlp/twitter-roberta-base-sentiment-latest,0.0,0.0,0.5278692841529846,1
539,cardiffnlp/twitter-roberta-base-sentiment-latest,0.0,0.0,0.7174747884273529,2
540,cardiffnlp/twitter-roberta-base-sentiment-latest,0.0,0.0,0.7546002467473348,3
541,cardiffnlp/twitter-roberta-base-sentiment-latest,0.2954404652118683,0.2954404652118683,0.5647338926792145,2
542,cardiffnlp/twitter-roberta-base-sentiment-latest,0.0,0.0,0.7305285334587097,2
543,cardiffnlp/twitter-roberta-base-sentiment-latest,0.0,0.0,0.7242436408996582,2
544,cardiffnlp/twitter-roberta-base-sentiment-latest,0.625785768032074,0.06789436496769342,0.625785768032074,3
545,cardiffnlp/twitter-roberta-base-sentiment-latest,0.0,0.0,0.8083241581916809,2
546,cardiffnlp/twitter-roberta-base-sentiment-latest,0.0,0.0,0.6491602659225464,2
547,cardiffnlp/twitter-roberta-base-sentiment-latest,0.0,0.0,0.8160500526428223,1
548,cardiffnlp/twitter-roberta-base-sentiment-latest,0.0,0.0,0.8837069869041443,2
549,cardiffnlp/twitter-roberta-base-sentiment-latest,0.736951470375061,0.019007563591003418,0.736951470375061,2
550,cardiffnlp/twitter-roberta-base-sentiment-latest,0.0,0.0,0.7191360294818878,2
551,cardiffnlp/twitter-roberta-base-sentiment-latest,0.0,0.0,0.7236331701278687,1
552,cardiffnlp/twitter-roberta-base-sentiment-latest,0.0,0.0,0.6212688684463501,1
553,cardiffnlp/twitter-roberta-base-sentiment-latest,0.40848374366760254,0.40848374366760254,0.7259807288646698,2
554,cardiffnlp/twitter-roberta-base-sentiment-latest,0.0,0.0,0.778328150510788,2
555,cardiffnlp/twitter-roberta-base-sentiment-latest,0.2769664525985718,0.2769664525985718,0.7003337442874908,2
556,cardiffnlp/twitter-roberta-base-sentiment-latest,0.0,0.0,0.9206614196300507,2
557,cardiffnlp/twitter-roberta-base-sentiment-latest,0.1757663091023763,0.24857109814084213,0.7282216946283976,3
558,cardiffnlp/twitter-roberta-base-sentiment-latest,0.0,0.0,0.5678673982620239,1
559,cardiffnlp/twitter-roberta-base-sentiment-latest,0.0,0.0,0.6335014700889587,2
560,cardiffnlp/twitter-roberta-base-sentiment-latest,0.31761693954467773,0.31761693954467773,0.7042661607265472,2
561,cardiffnlp/twitter-roberta-base-sentiment-latest,0.0,0.0,0.8501241505146027,2
562,cardiffnlp/twitter-roberta-base-sentiment-latest,0.0,0.0,0.8277616202831268,2
563,cardiffnlp/twitter-roberta-base-sentiment-latest,0.0,0.0,0.5564016103744507,1
564,cardiffnlp/twitter-roberta-base-sentiment-latest,0.0,0.0,0.9423887133598328,1
565,cardiffnlp/twitter-roberta-base-sentiment-latest,0.0,0.0,0.9363373517990112,2
566,cardiffnlp/twitter-roberta-base-sentiment-latest,0.0,0.0,0.91656893491745,2
567,cardiffnlp/twitter-roberta-base-sentiment-latest,0.0,0.0,0.8817831575870514,6
568,cardiffnlp/twitter-roberta-base-sentiment-latest,0.0,0.0,0.7737627625465393,1
569,cardiffnlp/twitter-roberta-base-sentiment-latest,0.0,0.0,0.8807716369628906,1
570,cardiffnlp/twitter-roberta-base-sentiment-latest,0.0,0.0,0.9446828365325928,1
571,cardiffnlp/twitter-roberta-base-sentiment-latest,0.0,0.0,0.9529296159744263,1
572,cardiffnlp/twitter-roberta-base-sentiment-latest,0.0,0.0,0.955355703830719,1
573,cardiffnlp/twitter-roberta-base-sentiment-latest,0.0,0.0,0.9425932765007019,1
574,cardiffnlp/twitter-roberta-base-sentiment-latest,0.0,0.0,0.8575636247793833,6
575,cardiffnlp/twitter-roberta-base-sentiment-latest,0.0,0.0,0.8532421350479126,5
576,cardiffnlp/twitter-roberta-base-sentiment-latest,0.08740527431170146,0.1954441349529806,0.8218328257401785,6
577,cardiffnlp/twitter-roberta-base-sentiment-latest,0.09588747223218282,0.2144109061017843,0.8212447861830393,6
578,cardiffnlp/twitter-roberta-base-sentiment-latest,0.0,0.0,0.8932887117067972,6
579,cardiffnlp/twitter-roberta-base-sentiment-latest,0.0,0.0,0.8715963661670685,6
580,cardiffnlp/twitter-roberta-base-sentiment-latest,0.0,0.0,0.8603753844896952,6
581,cardiffnlp/twitter-roberta-base-sentiment-latest,0.0,0.0,0.8856422702471415,6
582,cardiffnlp/twitter-roberta-base-sentiment-latest,0.0,0.0,0.8648444811503092,6
583,cardiffnlp/twitter-roberta-base-sentiment-latest,0.0,0.0,0.844847579797109,6
584,cardiffnlp/twitter-roberta-base-sentiment-latest,0.0,0.0,0.8577339748541514,6
585,cardiffnlp/twitter-roberta-base-sentiment-latest,0.0,0.0,0.7584298749764761,6
586,cardiffnlp/twitter-roberta-base-sentiment-latest,0.0,0.0,0.8766637245814005,6
587,cardiffnlp/twitter-roberta-base-sentiment-latest,0.0,0.0,0.8312890628973643,6
588,cardiffnlp/twitter-roberta-base-sentiment-latest,0.0,0.0,0.8427403330802917,5
589,cardiffnlp/twitter-roberta-base-sentiment-latest,0.0,0.0,0.8502032160758972,6
590,cardiffnlp/twitter-roberta-base-sentiment-latest,0.0,0.0,0.8534016609191895,6
591,cardiffnlp/twitter-roberta-base-sentiment-latest,0.0,0.0,0.7827879935503006,4
592,cardiffnlp/twitter-roberta-base-sentiment-latest,0.0,0.0,0.8119586209456126,6
593,cardiffnlp/twitter-roberta-base-sentiment-latest,0.0,0.0,0.863853802283605,6
594,cardiffnlp/twitter-roberta-base-sentiment-latest,0.0,0.0,0.8172017633914948,6
595,cardiffnlp/twitter-roberta-base-sentiment-latest,0.08885857462882996,0.19869381325380192,0.8035921553770701,6
596,cardiffnlp/twitter-roberta-base-sentiment-latest,0.0,0.0,0.8686828911304474,6
597,cardiffnlp/twitter-roberta-base-sentiment-latest,0.0,0.0,0.854959100484848,6
598,cardiffnlp/twitter-roberta-base-sentiment-latest,0.0,0.0,0.877469003200531,6
599,cardiffnlp/twitter-roberta-base-sentiment-latest,0.0,0.0,0.8026131590207418,6
600,cardiffnlp/twitter-roberta-base-sentiment-latest,0.0,0.0,0.8420025209585825,6
601,cardiffnlp/twitter-roberta-base-sentiment-latest,0.0,0.0,0.8375310003757477,6
602,cardiffnlp/twitter-roberta-base-sentiment-latest,-0.08999595046043396,0.20123706292923382,0.8323548436164856,6
603,cardiffnlp/twitter-roberta-base-sentiment-latest,0.0,0.0,0.8421564102172852,6
604,cardiffnlp/twitter-roberta-base-sentiment-latest,0.0,0.0,0.8404978513717651,5
605,cardiffnlp/twitter-roberta-base-sentiment-latest,0.0,0.0,0.8819993535677592,6
606,cardiffnlp/twitter-roberta-base-sentiment-latest,0.0,0.0,0.8587897916634878,6
607,cardiffnlp/twitter-roberta-base-sentiment-latest,0.0,0.0,0.8205347160498301,6
608,cardiffnlp/twitter-roberta-base-sentiment-latest,0.0,0.0,0.8890780955553055,4
609,cardiffnlp/twitter-roberta-base-sentiment-latest,0.0,0.0,0.9067818373441696,4
610,cardiffnlp/twitter-roberta-base-sentiment-latest,0.0,0.0,0.881167342265447,6
611,cardiffnlp/twitter-roberta-base-sentiment-latest,0.0,0.0,0.8534249464670817,6
612,cardiffnlp/twitter-roberta-base-sentiment-latest,0.0,0.0,0.8624255557854971,6
613,cardiffnlp/twitter-roberta-base-sentiment-latest,0.0,0.0,0.8883456687132517,6
614,cardiffnlp/twitter-roberta-base-sentiment-latest,0.0,0.0,0.8682103852430979,6
615,cardiffnlp/twitter-roberta-base-sentiment-latest,0.0,0.0,0.865343431631724,6
616,cardiffnlp/twitter-roberta-base-sentiment-latest,0.0,0.0,0.8406942983468374,6
617,cardiffnlp/twitter-roberta-base-sentiment-latest,0.0,0.0,0.906634509563446,3
618,cardiffnlp/twitter-roberta-base-sentiment-latest,0.0,0.0,0.8720474541187286,6
619,cardiffnlp/twitter-roberta-base-sentiment-latest,0.0,0.0,0.813103049993515,6
620,cardiffnlp/twitter-roberta-base-sentiment-latest,0.0,0.0,0.8459263642628988,6
621,cardiffnlp/twitter-roberta-base-sentiment-latest,0.0,0.0,0.8856862286726633,6
622,cardiffnlp/twitter-roberta-base-sentiment-latest,0.0,0.0,0.8223510881265005,6
623,cardiffnlp/twitter-roberta-base-sentiment-latest,0.0,0.0,0.8739787737528483,6
624,cardiffnlp/twitter-roberta-base-sentiment-latest,0.0,0.0,0.8643253346284231,6
625,cardiffnlp/twitter-roberta-base-sentiment-latest,0.0,0.0,0.857752243677775,6
626,cardiffnlp/twitter-roberta-base-sentiment-latest,0.0,0.0,0.8280713160832723,6
627,cardiffnlp/twitter-roberta-base-sentiment-latest,0.0,0.0,0.8936632672945658,6
628,cardiffnlp/twitter-roberta-base-sentiment-latest,0.0,0.0,0.8038190404574076,6
629,cardiffnlp/twitter-roberta-base-sentiment-latest,0.0,0.0,0.8194787998994192,6
630,cardiffnlp/twitter-roberta-base-sentiment-latest,0.11456862092018127,0.25618322446592984,0.8270498514175415,6
631,cardiffnlp/twitter-roberta-base-sentiment-latest,0.0,0.0,0.7937145431836446,6
632,cardiffnlp/twitter-roberta-base-sentiment-latest,0.0,0.0,0.8691794474919637,6
633,cardiffnlp/twitter-roberta-base-sentiment-latest,0.0,0.0,0.8844992220401764,6
634,cardiffnlp/twitter-roberta-base-sentiment-latest,0.0,0.0,0.8607759376366934,6
635,cardiffnlp/twitter-roberta-base-sentiment-latest,0.0,0.0,0.8123914897441864,2
636,cardiffnlp/twitter-roberta-base-sentiment-latest,-0.09275033076604207,0.20739604452846022,0.7272910376389822,6
637,cardiffnlp/twitter-roberta-base-sentiment-latest,0.0,0.0,0.8115100761254629,6
638,cardiffnlp/twitter-roberta-base-sentiment-latest,0.0,0.0,0.8399425745010376,6
639,cardiffnlp/twitter-roberta-base-sentiment-latest,-0.08838099241256714,0.19762590695339327,0.7419503629207611,6
640,cardiffnlp/twitter-roberta-base-sentiment-latest,0.0,0.0,0.907244086265564,6
641,cardiffnlp/twitter-roberta-base-sentiment-latest,0.0,0.0,0.9232873916625977,1
642,cardiffnlp/twitter-roberta-base-sentiment-latest,0.0,0.0,0.9292773604393005,1
643,cardiffnlp/twitter-roberta-base-sentiment-latest,0.0,0.0,0.938995897769928,1
724,cardiffnlp/twitter-roberta-base-sentiment-latest,0.0,0.0,0.9220649003982544,1
725,cardiffnlp/twitter-roberta-base-sentiment-latest,0.0,0.0,0.9301729798316956,1
726,cardiffnlp/twitter-roberta-base-sentiment-latest,0.0,0.0,0.6126952767372131,1
727,cardiffnlp/twitter-roberta-base-sentiment-latest,0.0,0.0,0.9336555004119873,1
728,cardiffnlp/twitter-roberta-base-sentiment-latest,0.0,0.0,0.8222206433614095,6
729,cardiffnlp/twitter-roberta-base-sentiment-latest,0.0,0.0,0.8403303126494089,6
730,cardiffnlp/twitter-roberta-base-sentiment-latest,0.0,0.0,0.84083820382754,6
731,cardiffnlp/twitter-roberta-base-sentiment-latest,0.0,0.0,0.7791579842567444,5
732,cardiffnlp/twitter-roberta-base-sentiment-latest,0.0,0.0,0.8843512336413065,6
733,cardiffnlp/twitter-roberta-base-sentiment-latest,0.0,0.0,0.8773276706536611,6
734,cardiffnlp/twitter-roberta-base-sentiment-latest,0.0,0.0,0.8873431384563446,6
735,cardiffnlp/twitter-roberta-base-sentiment-latest,0.0,0.0,0.8710667192935944,6
736,cardiffnlp/twitter-roberta-base-sentiment-latest,0.0,0.0,0.8721873561541239,6
737,cardiffnlp/twitter-roberta-base-sentiment-latest,0.0,0.0,0.8364157974720001,6
738,cardiffnlp/twitter-roberta-base-sentiment-latest,0.0,0.0,0.8542554676532745,6
739,cardiffnlp/twitter-roberta-base-sentiment-latest,0.0,0.0,0.9310505390167236,1
740,cardiffnlp/twitter-roberta-base-sentiment-latest,0.0,0.0,0.8453482588132223,6
741,cardiffnlp/twitter-roberta-base-sentiment-latest,0.0,0.0,0.8134768307209015,6
742,cardiffnlp/twitter-roberta-base-sentiment-latest,0.0,0.0,0.8321071366469065,6
743,cardiffnlp/twitter-roberta-base-sentiment-latest,0.0,0.0,0.8895011097192764,4
749,cardiffnlp/twitter-roberta-base-sentiment-latest,0.8846068978309631,0.0,0.8846068978309631,1
750,cardiffnlp/twitter-roberta-base-sentiment-latest,0.0,0.0,0.7618899345397949,2
752,cardiffnlp/twitter-roberta-base-sentiment-latest,0.0,0.0,0.8671911358833313,1
753,cardiffnlp/twitter-roberta-base-sentiment-latest,0.0,0.0,0.6566945910453796,1
754,cardiffnlp/twitter-roberta-base-sentiment-latest,0.2641855875651042,0.3736148409180752,0.8210578362147013,3
755,cardiffnlp/twitter-roberta-base-sentiment-latest,0.0,0.0,0.7433053255081177,1
756,cardiffnlp/twitter-roberta-base-sentiment-latest,0.0,0.0,0.7433053255081177,1
757,cardiffnlp/twitter-roberta-base-sentiment-latest,0.0,0.0,0.7433053255081177,1
758,cardiffnlp/twitter-roberta-base-sentiment-latest,-0.5699576139450073,0.0,0.5699576139450073,1
759,cardiffnlp/twitter-roberta-base-sentiment-latest,0.0,0.0,0.8298593163490295,1
760,cardiffnlp/twitter-roberta-base-sentiment-latest,-0.6902764141559601,0.05634656548500061,0.6902764141559601,2
761,cardiffnlp/twitter-roberta-base-sentiment-latest,0.0,0.0,0.8971235156059265,1
762,cardiffnlp/twitter-roberta-base-sentiment-latest,0.0,0.0,0.8664385676383972,1
764,cardiffnlp/twitter-roberta-base-sentiment-latest,0.0,0.0,0.7433053255081177,1
766,cardiffnlp/twitter-roberta-base-sentiment-latest,0.0,0.0,0.7692164182662964,1
767,cardiffnlp/twitter-roberta-base-sentiment-latest,0.10389750003814698,0.20779500007629395,0.7287806868553162,5
768,cardiffnlp/twitter-roberta-base-sentiment-latest,0.0,0.0,0.6765998005867004,1
769,cardiffnlp/twitter-roberta-base-sentiment-latest,-0.36186355352401733,0.36186355352401733,0.766669362783432,2
770,cardiffnlp/twitter-roberta-base-sentiment-latest,0.0,0.0,0.8064851760864258,1
773,cardiffnlp/twitter-roberta-base-sentiment-latest,0.0,0.0,0.7433053255081177,1
775,cardiffnlp/twitter-roberta-base-sentiment-latest,0.0,0.0,0.8921791911125183,1
776,cardiffnlp/twitter-roberta-base-sentiment-latest,0.21587983767191568,0.3053001942785254,0.7474514643351237,3
777,cardiffnlp/twitter-roberta-base-sentiment-latest,0.0,0.0,0.7264457195997238,4
778,cardiffnlp/twitter-roberta-base-sentiment-latest,-0.30983155965805054,0.30983155965805054,0.5580242425203323,2
779,cardiffnlp/twitter-roberta-base-sentiment-latest,-0.5809253752231598,0.07587751746177673,0.5809253752231598,2
783,cardiffnlp/twitter-roberta-base-sentiment-latest,0.0,0.0,0.7433053255081177,1
798,cardiffnlp/twitter-roberta-base-sentiment-latest,0.0,0.0,0.7433053255081177,1
